id1,cn,pinyin,vocabulary,pinyin_vocab,th,sentence_test,pinyin_sentence,translate
1,一,yī,一个,yī gè,หนึ่งอัน,我有一个苹果,wǒ yǒu yí gè píng guǒ,ฉันมีแอปเปิลหนึ่งลูก
2,二,èr,第二,dì èr,ลำดับที่สอง,这是我第二次来这里,zhè shì wǒ dì èr cì lái zhè lǐ,นี่เป็นครั้งที่สองที่ฉันมาที่นี่
3,三,sān,三个,sān gè,สามอัน,我有三个苹果,wǒ yǒu sān gè píng guǒ,ฉันมีแอปเปิลสามลูก
4,人,rén,大人,dà rén,ผู้ใหญ่,大人在工作,dà rén zài gōng zuò,ผู้ใหญ่กำลังทำงาน
5,个,gè,一个,yī gè,หนึ่งอัน,我有一个书包,wǒ yǒu yí gè shū bāo,ฉันมีกระเป๋านักเรียนหนึ่งใบ
6,大,dà,大人,dà rén,ผู้ใหญ่,这个大人很高,zhè ge dà rén hěn gāo,ผู้ใหญ่คนนี้ตัวสูงมาก
7,山,shān,大山,dà shān,ภูเขาใหญ่,那是一座大山,nà shì yī zuò dà shān,นั่นคือภูเขาลูกใหญ่
8,上,shàng,山上,shān shàng,บนเขา,山上有一个人,shān shàng yǒu yí gè rén,บนเขามีคนอยู่ 1 คน
9,下,xià,向下,xiàng xià,ไปข้างล่าง,小球向下掉,xiǎo qiú xiàng xià diào,ลูกบอลกลิ้งตกลงด้านล่าง
10,小,xiǎo,大小,dà xiǎo,ขนาด,这个大小刚好,zhè ge dà xiǎo gāng hǎo,ขนาดนี้พอดีเลย
11,雨,yǔ,下雨,xià yǔ,ฝนตก,今天下雨了,jīn tiān xià yǔ le,วันนี้ฝนตก
12,天,tiān,天上,tiān shàng,บนท้องฟ้า,天上有太阳,tiān shàng yǒu tài yáng,บนท้องฟ้ามีดวงอาทิตย์
13,车,chē,小车,xiǎo chē,รถเล็ก,小车很快,xiǎo chē hěn kuài,รถคันเล็กวิ่งเร็วมาก
14,开,kāi,开门,kāi mén,เปิดประตู,快开门,kuài kāi mén,รีบเปิดประตู
15,火,huǒ,火车,huǒ chē,รถไฟ,我坐火车去北京,wǒ zuò huǒ chē qù běi jīng,ฉันนั่งรถไฟไปปักกิ่ง
16,门,mén,大门,dà mén,ประตูใหญ่,大门开了,dà mén kāi le,ประตูใหญ่เปิดแล้ว
17,口,kǒu,开口,kāi kǒu,อ้าปาก,开口大笑,kāi kǒu dà xiào,หัวเราะลั่น
18,月,yuè,月亮,yuè liàng,พระจันทร์,天上有个月亮,tiān shàng yǒu gè yuè liàng,บนท้องฟ้ามีพระจันทร์หนึ่งดวง
19,羊,yáng,小羊,xiǎo yáng,ลูกแกะตัวเล็ก,三只小羊上山,sān zhǐ xiǎo yáng shàng shān,แกะน้อยสามตัวขึ้นเขา
20,只,zhī,一只,yī zhī,หนึ่งตัว,山上有一只大山羊,shān shàng yǒu yī zhī dà shān yáng,บนเขามีแพะตัวใหญ่หนึ่งตัว
21,有,yǒu,没有,méi yǒu,ไม่มี,今天没有下雨，我可以出去玩,"jīn tiān méi yǒu xià yǔ, wǒ kě yǐ chū qù wán",วันนี้ฝนไม่ตก ฉันสามารถออกไปเล่นได้
22,牛,niú,水牛,shuǐ niú,ควาย,水牛在农田里慢慢地走,shuǐ niú zài nóng tián lǐ màn màn dì zǒu,ควายน้ำเดินช้า ๆ อยู่ในนา
23,水,shuǐ,雨水,yǔ shuǐ,น้ำฝน,雨水从天空落到地上,yǔ shuǐ cóng tiān kōng luò dào dì shàng,น้ำฝนตกจากท้องฟ้าลงสู่พื้นดิน
24,中,zhōng,中间,zhōng jiān,ตรงกลาง,小猫坐在桌子的中间,xiǎo māo zuò zài zhuō zi de zhōng jiān,ลูกแมวนั่งอยู่กลางโต๊ะ
25,风,fēng,风车,fēng chē,กังหันลม,风车在风中不停地转,fēng chē zài fēng zhōng bù tíng dì zhuǎn,กังหันลมหมุนไม่หยุดท่ามกลางสายลม
26,头,tóu,头发,tóu fā,เส้นผม,她的头发又黑又长,tā de tóu fà yòu hēi yòu zhǎng,ผมของเธอดำและยาว
27,田,tián,农田,nóng tián,ไร่นา,农田里种着很多禾苗,nóng tián lǐ zhǒng zhe hěn duō hé miáo,ในไร่นามีต้นกล้าปลูกอยู่มากมาย
28,土,tǔ,土堆,tǔ duī,กองดิน,路边有一个小土堆,lù biān yǒu yí gè xiǎo tǔ duī,ข้างถนนมีกองดินเล็ก ๆ กองหนึ่ง
29,里,lǐ,里面,lǐ miàn,ข้างใน,盒子里面有一支笔,hé zi lǐ miàn yǒu yī zhī bǐ,ในกล่องมีปากกาหนึ่งด้าม
30,在,zài,正在,zhèng zài,กำลังอยู่,哥哥正在写作业,gē gē zhèng zài xiě zuò yè,พี่ชายกำลังทำการบ้าน
31,日,rì,日出,rì chū,พระอาทิตย์ขึ้น,我和爸爸一起看日出,wǒ hé bà bà yì qǐ kàn rì chū,ฉันกับพ่อดูพระอาทิตย์ขึ้นด้วยกัน
32,白,bái,白天,bái tiān,เวลากลางวัน,白天我们在学校上课,bái tiān wǒ men zài xué xiào shàng kè,ตอนกลางวันพวกเราเรียนหนังสือที่โรงเรียน
33,马,mǎ,小马,xiǎo mǎ,ลูกม้า,小马在草地上跑,xiǎo mǎ zài cǎo dì shàng pǎo,ลูกม้าวิ่งอยู่บนสนามหญ้า
34,手,shǒu,小手,xiǎo shǒu,มือเล็ก,孩子用小手拿着书,hái zi yòng xiǎo shǒu ná zhe shū,เด็กใช้มือเล็ก ๆ ถือหนังสือ
35,出,chū,出去,chū qù,ออกไป,我们一起出去玩吧,wǒ men yì qǐ chū qù wán ba,พวกเราออกไปเล่นด้วยกันเถอะ
36,王,wáng,大王,dà wáng,ราชา,故事里的大王很勇敢,gù shì lǐ de dà wáng hěn yǒng gǎn,ราชาในเรื่องราวกล้าหาญมาก
37,子,zǐ,孩子,hái zǐ,เด็ก/ลูก,孩子们在操场上玩,hái zi men zài cāo chǎng shàng wán,เด็ก ๆ กำลังเล่นอยู่ในสนาม
38,儿,ér,儿子,ér zǐ,ลูกชาย,他是爸爸的儿子,tā shì bà bà de ér zi,เขาเป็นลูกชายของพ่อ
39,女,nǚ,女孩,nǚ hái,เด็กผู้หญิง,那个女孩在笑,nà ge nǚ hái zài xiào,เด็กผู้หญิงคนนั้นกำลังยิ้ม
40,刀,dāo,刀子,dāo zǐ,มีด,妈妈用刀子切水果,mā mā yòng dāo zi qiè shuǐ guǒ,แม่ใช้มีดหั่นผลไม้
41,木,mù,木头,mù tóu,ท่อนไม้,地上有很多木头,dì shàng yǒu hěn duō mù tou,บนพื้นมีไม้มากมาย
42,鸟,niǎo,小鸟,xiǎo niǎo,นกน้อย,小鸟在树上唱歌,xiǎo niǎo zài shù shàng chàng gē,นกตัวเล็กร้องเพลงอยู่บนต้นไม้
43,伞,sǎn,雨伞,yǔ sǎn,ร่มกันฝน,下雨时我要带雨伞,xià yǔ shí wǒ yào dài yǔ sǎn,เวลาฝนตกฉันต้องพกร่ม
44,鱼,yú,小鱼,xiǎo yú,ปลาตัวเล็ก,小鱼在水里游泳,xiǎo yú zài shuǐ lǐ yóu yǒng,ปลาน้อยว่ายน้ำอยู่ในน้ำ
45,瓜,guā,西瓜,xī guā,แตงโม,西瓜又大又甜,xī guā yòu dà yòu tián,แตงโมทั้งลูกใหญ่และหวาน
46,气,qì,天气,tiān qì,สภาพอากาศ,今天天气很好,jīn tiān tiān qì hěn hǎo,วันนี้อากาศดีมาก
47,飞,fēi,飞走,fēi zǒu,บินหนีไป,小鸟看到人就飞走了,xiǎo niǎo kàn dào rén jiù fēi zǒu le,นกเห็นคนก็บินหนีไป
48,虫,chóng,虫子,chóng zǐ,ตัวแมลง,花园里有小虫子,huā yuán lǐ yǒu xiǎo chóng zi,ในสวนมีแมลงตัวเล็ก ๆ
49,米,mǐ,大米,dà mǐ,ข้าวสาร,妈妈用大米煮饭,mā mā yòng dà mǐ zhǔ fàn,แม่ใช้ข้าวสารหุงข้าว
50,云,yún,白云,bái yún,เมฆขาว,白云在天空飘,bái yún zài tiān kōng piāo,เมฆสีขาวลอยอยู่บนท้องฟ้า
51,电,diàn,电视,diàn shì,โทรทัศน์,我在看电视,wǒ zài kàn diàn shì,ฉันกำลังดูโทรทัศน์
52,石,shí,石头,shí tóu,ก้อนหิน,河边有很多石头,hé biān yǒu hěn duō shí tou,ริมแม่น้ำมีหินมากมาย
53,了,liǎo,好了,hǎo le,เสร็จแล้ว,作业写好了,zuò yè xiě hǎo le,ทำการบ้านเสร็จแล้ว
54,来,lái,出来,chū lái,ออกมา,小猫从房间里出来,xiǎo māo cóng fáng jiān lǐ chū lái,ลูกแมวเดินออกมาจากห้อง
55,玉,yù,宝玉,bǎo yù,หยกล้ำค่า,宝玉放在盒子里,bǎo yù fàng zài hé zi lǐ,หยกวางอยู่ในกล่อง
56,去,qù,出去,chū qù,ออกไป,放学后我们出去玩,fàng xué hòu wǒ men chū qù wán,หลังเลิกเรียนพวกเราออกไปเล่น
57,回,huí,回来,huí lái,กลับมา,爸爸晚上回来,bà bà wǎn shàng huí lái,พ่อกลับมาตอนกลางคืน
58,多,duō,很多,hěn duō,มากมาย,这里有很多人,zhè lǐ yǒu hěn duō rén,ที่นี่มีคนมากมาย
59,少,shǎo,多少,duō shǎo,เท่าไหร่,你有多少本书,nǐ yǒu duō shǎo běn shū,คุณมีหนังสือกี่เล่ม
60,问,wèn,问好,wèn hǎo,ทักทาย/ถามไถ่,见到老师要问好,jiàn dào lǎo shī yào wèn hǎo,เมื่อพบครูต้องทักทาย
61,早,zǎo,早上,zǎo shàng,ตอนเช้า,早上我要早起上学,zǎo shàng wǒ yào zǎo qǐ shàng xué,ตอนเช้าฉันต้องตื่นไปโรงเรียนแต่เช้า
62,巴,bā,尾巴,wěi bā,หาง,小狗摇着尾巴,xiǎo gǒu yáo zhe wěi ba,ลูกสุนัขส่ายหาง
63,父,fù,父亲,fù qīn,คุณพ่อ,父亲送我去学校,fù qīn sòng wǒ qù xué xiào,พ่อไปส่งฉันที่โรงเรียน
64,工,gōng,工人,gōng rén,คนงาน,工人在工厂工作,gōng rén zài gōng chǎng gōng zuò,คนงานทำงานอยู่ในโรงงาน
65,力,lì,力气,lì qì,แรง / กำลัง,他有很大的力气,tā yǒu hěn dà de lì qì,เขามีพละกำลังมาก
66,不,bù,不会,bú huì,ไม่เป็น/ทำไม่ได้,这个字我不会写,zhè ge zì wǒ bú huì xiě,ตัวอักษรนี้ฉันเขียนไม่เป็น
67,干,gān,干活,gān huó,ทำงาน,爸爸在家里干活,bà bà zài jiā lǐ gàn huó,พ่อทำงานอยู่ที่บ้าน
68,几,jī,几只,jī zhī,กี่ตัว,树上有几只鸟,shù shàng yǒu jǐ zhī niǎo,บนต้นไม้มีนกกี่ตัว
69,男,nán,男人,nán rén,ผู้ชาย,那个男人在等车,nà ge nán rén zài děng chē,ผู้ชายคนนั้นกำลังรอรถ
70,坐,zuò,坐车,zuò chē,นั่งรถ,我们坐车去学校,wǒ men zuò chē qù xué xiào,พวกเรานั่งรถไปโรงเรียน
71,打,dǎ,打针,dǎ zhēn,ฉีดยา,孩子害怕打针,hái zi hài pà dǎ zhēn,เด็กกลัวการฉีดยา
72,四,sì,四个,sì gè,สี่อัน,我有四个苹果,wǒ yǒu sì gè píng guǒ,ฉันมีแอปเปิลสี่ลูก
73,五,wǔ,五个,wǔ gè,ห้าอัน,桌上有五个杯子,zhuō shàng yǒu wǔ gè bēi zi,บนโต๊ะมีแก้วห้าใบ
74,六,liù,六月,liù yuè,เดือนมิถุนายน,六月天气很热,liù yuè tiān qì hěn rè,เดือนมิถุนายนอากาศร้อนมาก
75,闪,shǎn,闪电,shǎn diàn,ฟ้าแลบ / สายฟ้า,天空中出现了闪电,tiān kōng zhōng chū xiàn le shǎn diàn,บนท้องฟ้าเกิดฟ้าแลบ
76,的,de,我的,wǒ de,ของฉัน,这是我的书,zhè shì wǒ de shū,นี่คือหนังสือของฉัน
77,花,huā,花儿,huā ér,ดอกไม้,花儿在风中摇,huā ér zài fēng zhōng yáo,ดอกไม้ไหวตามลม
78,朵,duǒ,花朵,huā duǒ,ดอกไม้,花朵开得很美,huā duǒ kāi dé hěn měi,ดอกไม้บานสวยงาม
79,果,guǒ,果子,guǒ zǐ,ผลไม้,树上结了果子,shù shàng jié le guǒ zi,บนต้นไม้มีผลออกมาแล้ว
80,比,bǐ,比赛,bǐ sài,แข่งขัน,我们参加比赛,wǒ men cān jiā bǐ sài,พวกเราเข้าร่วมการแข่งขัน
81,午,wǔ,中午,zhōng wǔ,ตอนเที่ยง,中午我们一起吃饭,zhōng wǔ wǒ men yì qǐ chī fàn,ตอนเที่ยงพวกเรากินข้าวด้วยกัน
82,面,miàn,面条,miàn tiáo,บะหมี่,我喜欢吃面条,wǒ xǐ huān chī miàn tiáo,ฉันชอบกินบะหมี่
83,高,gāo,高大,gāo dà,สูงใหญ่,他又高大又强壮,tā yòu gāo dà yòu qiáng zhuàng,เขาทั้งตัวสูงและแข็งแรง
84,包,bāo,包子,bāo zǐ,ซาลาเปา,包子很好吃,bāo zi hěn hǎo chī,ซาลาเปาอร่อยมาก
85,文,wén,文化,wén huà,วัฒนธรรม,我们学习中国文化,wǒ men xué xí zhōng guó wén huà,พวกเราเรียนรู้วัฒนธรรมจีน
86,分,fēn,分开,fēn kāi,แยกออก,我们不要分开,wǒ men bú yào fēn kāi,พวกเราอย่าแยกจากกัน
87,平,píng,天平,tiān píng,เครื่องชั่ง,天平可以称重量,tiān píng kě yǐ chēng zhòng liàng,เครื่องชั่งสามารถชั่งน้ำหนักได้
88,我,wǒ,我们,wǒ mén,พวกเรา,我们一起学习,wǒ men yì qǐ xué xí,พวกเราเรียนด้วยกัน
89,连,lián,连起来,lián qǐ lái,เชื่อมต่อกัน,把线连起来,bǎ xiàn lián qǐ lái,นำเส้นเชื่อมเข้าด้วยกัน
90,元,yuán,两元,liǎng yuán,2 หยวน,这个玩具两元,zhè ge wán jù liǎng yuán,ของเล่นชิ้นนี้ราคา 2 หยวน
91,丁,dīng,布丁,bù dīng,พุดดิ้ง,我喜欢吃布丁,wǒ xǐ huān chī bù dīng,ฉันชอบกินพุดดิ้ง
92,厂,chǎng,工厂,gōng chǎng,โรงงาน,爸爸在工厂上班,bà bà zài gōng chǎng shàng bān,พ่อทำงานอยู่ในโรงงาน
93,目,mù,节目,jié mù,รายการ/โปรแกรม,这个节目很好看,zhè ge jié mù hěn hǎo kàn,รายการนี้ดูสนุกมาก
94,见,jiàn,见面,jiàn miàn,พบกัน,我们明天见面,wǒ men míng tiān jiàn miàn,พวกเราเจอกันพรุ่งนี้
95,兔,tù,兔子,tù zǐ,กระต่าย,兔子在草地上跳,tù zi zài cǎo dì shàng tiào,กระต่ายกระโดดอยู่บนสนามหญ้า
96,禾,hé,禾苗,hé miáo,ต้นกล้าข้าว,禾苗慢慢长大,hé miáo màn màn zhǎng dà,ต้นกล้าค่อย ๆ เติบโต
97,是,shì,不是,bù shì,ไม่ใช่,这不是我的书,zhè bú shì wǒ de shū,นี่ไม่ใช่หนังสือของฉัน
98,把,bǎ,把手,bǎ shǒu,ที่จับ/ด้ามจับ,门上有一个把手,mén shàng yǒu yí gè bǎ shǒu,บนประตูมีมือจับหนึ่งอัน
99,笑,xiào,笑脸,xiào liǎn,ใบหน้ายิ้มแย้ม,孩子露出笑脸,hái zi lù chū xiào liǎn,เด็กยิ้มออกมา
100,着,zhe,看着,kàn zhe,มองดู,妈妈看着我笑,mā mā kàn zhe wǒ xiào,แม่มองฉันแล้วยิ้ม
101,看,kàn,看见,kàn jiàn,เห็น,我看见小猫在睡觉,wǒ kàn jiàn xiǎo māo zài shuì jiào,ฉันเห็นลูกแมวกำลังนอนหลับ
102,会,huì,会飞,huì fēi,บินได้,小鸟会飞到天空,xiǎo niǎo huì fēi dào tiān kōng,นกตัวเล็กบินขึ้นไปบนท้องฟ้าได้
103,自,zì,自己,zì jǐ,ตัวเอง,我自己穿衣服,wǒ zì jǐ chuān yī fú,ฉันแต่งตัวด้วยตัวเอง
104,己,jǐ,自己,zì jǐ,ตัวเอง,他自己整理书包,tā zì jǐ zhěng lǐ shū bāo,เขาจัดกระเป๋านักเรียนด้วยตัวเอง
105,画,huà,画画,huà huà,วาดรูป,妹妹喜欢画画,mèi mèi xǐ huān huà huà,น้องสาวชอบวาดรูป
106,好,hǎo,好吃,hǎo chī,อร่อย,这个蛋糕很好吃,zhè ge dàn gāo hěn hǎo chī,เค้กชิ้นนี้อร่อยมาก
107,爱,ài,关爱,guān ài,ดูแลด้วยความรัก,妈妈关爱孩子,mā mā guān ài hái zi,แม่ดูแลเอาใจใส่ลูก
108,心,xīn,开心,kāi xīn,มีความสุข,我今天很开心,wǒ jīn tiān hěn kāi xīn,วันนี้ฉันมีความสุขมาก
109,也,yě,也是,yě shì,ก็เป็น/ด้วย,我也是学生,wǒ yě shì xué shēng,ฉันก็เป็นนักเรียนเหมือนกัน
110,可,kě,可乐,kě lè,โคล่า,我想喝可乐,wǒ xiǎng hē kě lè,ฉันอยากดื่มโคล่า
111,家,jiā,回家,huí jiā,กลับบ้าน,放学后我要回家,fàng xué hòu wǒ yào huí jiā,หลังเลิกเรียนฉันจะกลับบ้าน
112,爸,bà,爸爸,bà bà,คุณพ่อ,爸爸在工作,bà bà zài gōng zuò,พ่อกำลังทำงาน
113,妈,mā,妈妈,mā mā,คุณแม่,妈妈在做饭,mā mā zài zuò fàn,แม่กำลังทำอาหาร
114,这,zhè,这里,zhè lǐ,ที่นี่,我在这里等你,wǒ zài zhè lǐ děng nǐ,ฉันรอคุณอยู่ที่นี่
115,爷,yé,爷爷,yé ye,คุณปู่,爷爷在看书,yé yé zài kàn shū,คุณปู่กำลังอ่านหนังสือ
116,奶,nǎi,奶奶,nǎi nai,คุณย่า,奶奶喜欢种花,nǎi nǎi xǐ huān zhòng huā,คุณย่าชอบปลูกดอกไม้
117,们,mén,我们,wǒ mén,พวกเรา,我们一起学习,wǒ men yì qǐ xué xí,พวกเราเรียนด้วยกัน
118,书,shū,书架,shū jià,ชั้นวางหนังสือ,书在书架上,shū zài shū jià shàng,หนังสืออยู่บนชั้นหนังสือ
119,串,chuàn,一串,yī chuàn,หนึ่งไม้/หนึ่งชุด,桌上有一串葡萄,zhuō shàng yǒu yī chuàn pú táo,บนโต๊ะมีองุ่นหนึ่งพวง
120,球,qiú,足球,zú qiú,ฟุตบอล,我喜欢踢足球,wǒ xǐ huān tī zú qiú,ฉันชอบเตะฟุตบอล
121,圆,yuán,圆形,yuán xíng,วงกลม,这个球是圆形,zhè ge qiú shì yuán xíng,ลูกบอลลูกนี้เป็นทรงกลม
122,形,xíng,图形,tú xíng,รูปทรง,老师教我们图形,lǎo shī jiào wǒ men tú xíng,ครูสอนพวกเราเรื่องรูปทรง
123,长,cháng,好长,hǎo cháng,ยาวมาก,这条路好长,zhè tiáo lù hǎo zhǎng,ถนนเส้นนี้ยาวมาก
124,方,fāng,长方形,cháng fāng xíng,สี่เหลี่ยมผืนผ้า,门是长方形的,mén shì cháng fāng xíng de,ประตูเป็นรูปสี่เหลี่ยมผืนผ้า
125,正,zhèng,立正,lì zhèng,ยืนตรง,我们排队立正,wǒ men pái duì lì zhèng,พวกเราเข้าแถวและยืนตรง
126,角,jiǎo,牛角,niú jiǎo,เขาวัว,牛角长在头上,niú jiǎo zhǎng zài tóu shàng,เขาวัวงอกอยู่บนหัว
127,灯,dēng,灯光,dēng guāng,แสงไฟ,夜晚的灯光很亮,yè wǎn de dēng guāng hěn liàng,แสงไฟยามค่ำคืนสว่างมาก
128,块,kuài,土块,tǔ kuài,ก้อนดิน,地上有小土块,dì shàng yǒu xiǎo tǔ kuài,บนพื้นมีก้อนดินเล็ก ๆ
129,冰,bīng,冰雪,bīng xuě,หิมะน้ำแข็ง,冬天有冰雪,dōng tiān yǒu bīng xuě,ฤดูหนาวมีน้ำแข็งและหิมะ
130,那,nà,那边,nà biān,ตรงนั้น,学校在那边,xué xiào zài nà biān,โรงเรียนอยู่ทางนั้น
131,弓,gōng,弓箭,gōng jiàn,ธนูและลูกศร,他画了一把弓箭,tā huà le yī bǎ gōng jiàn,เขาวาดคันธนูหนึ่งอัน
132,买,mǎi,买东西,mǎi dōng xī,ซื้อของ,妈妈去买东西,mā mā qù mǎi dōng xī,แม่ไปซื้อของ
133,哪,nǎ,哪里,nǎ lǐ,ที่ไหน,你住在哪里,nǐ zhù zài nǎ lǐ,คุณอาศัยอยู่ที่ไหน
134,乐,lè,快乐,kuài lè,มีความสุข,孩子们很快乐,hái zi men hěn kuài lè,เด็ก ๆ มีความสุขมาก
135,谢,xiè,感谢,gǎn xiè,ขอบคุณ,我感谢老师,wǒ gǎn xiè lǎo shī,ฉันขอบคุณครู
136,想,xiǎng,想象,xiǎng xiàng,จินตนาการ,我喜欢想象故事,wǒ xǐ huān xiǎng xiàng gù shì,ฉันชอบจินตนาการเรื่องราว
137,抱,bào,抱一抱,bào yī bào,กอดกัน,妈妈抱一抱我,mā mā bào yī bào wǒ,แม่กอดฉัน
138,竹,zhú,竹子,zhú zǐ,ไม้ไผ่,熊猫爱吃竹子,xióng māo ài chī zhú zi,แพนด้าชอบกินไผ่
139,要,yào,想要,xiǎng yào,อยากได้,我想要新书,wǒ xiǎng yào xīn shū,ฉันอยากได้หนังสือใหม่
140,立,lì,立正,lì zhèng,ยืนตรง,大家站好立正,dà jiā zhàn hǎo lì zhèng,ทุกคนยืนตรงให้เรียบร้อย
141,耳,ěr,耳朵,ěr duǒ,ใบหู,小兔子有长耳朵,xiǎo tù zi yǒu zhǎng ěr duǒ,กระต่ายน้อยมีหูยาว
142,红,hóng,红色,hóng sè,สีแดง,苹果是红色的,píng guǒ shì hóng sè de,แอปเปิลเป็นสีแดง
143,色,sè,白色,bái sè,สีขาว,云是白色的,yún shì bái sè de,เมฆเป็นสีขาว
144,吃,chī,吃饭,chī fàn,รับประทานอาหาร,我们一起吃饭,wǒ men yì qǐ chī fàn,พวกเรากินข้าวด้วยกัน
145,香,xiāng,香味,xiāng wèi,กลิ่นหอม,厨房有香味,chú fáng yǒu xiāng wèi,ในครัวมีกลิ่นหอม
146,穿,chuān,穿过,chuān guò,ผ่านไป,小猫穿过小路,xiǎo māo chuān guò xiǎo lù,ลูกแมวเดินผ่านทางเล็ก ๆ
147,身,shēn,身体,shēn tǐ,ร่างกาย,运动对身体好,yùn dòng duì shēn tǐ hǎo,การออกกำลังกายดีต่อร่างกาย
148,它,tā,它们,tā mén,พวกมัน,它们在一起玩,tā men zài yì qǐ wán,พวกมันเล่นด้วยกัน
149,发,fā,头发,tóu fā,เส้นผม,她的头发很长,tā de tóu fà hěn zhǎng,ผมของเธอยาวมาก
150,衣,yī,衣服,yī fú,เสื้อผ้า,衣服要洗干净,yī fú yào xǐ gān jìng,เสื้อผ้าต้องซักให้สะอาด
151,他,tā,他们,tā mén,พวกเขา (ผู้ชาย),他们在踢球,tā men zài tī qiú,พวกเขากำลังเตะบอล
152,她,tā,她们,tā mén,พวกเธอ (ผู้หญิง),她们在唱歌,tā men zài chàng gē,พวกเธอกำลังร้องเพลง
153,毛,máo,毛毛虫,máo máo chóng,หนอนผีเสื้อ,毛毛虫在叶子上,máo máo chóng zài yè zi shàng,หนอนผีเสื้ออยู่บนใบไม้
154,朋,péng,朋友,péng yǒu,เพื่อน,他是我的朋友,tā shì wǒ de péng yǒu,เขาเป็นเพื่อนของฉัน
155,友,yǒu,友好,yǒu hǎo,เป็นมิตร,大家要友好相处,dà jiā yào yǒu hǎo xiāng chǔ,ทุกคนควรอยู่ร่วมกันอย่างเป็นมิตร
156,哥,gē,哥哥,gē ge,พี่ชาย,哥哥会写字,gē gē huì xiě zì,พี่ชายเขียนหนังสือได้
157,弟,dì,弟弟,dì di,น้องชาย,弟弟在玩球,dì di zài wán qiú,น้องชายกำลังเล่นบอล
158,兄,xiōng,兄弟,xiōng dì,พี่น้องผู้ชาย,他们是兄弟,tā men shì xiōng dì,พวกเขาเป็นพี่น้องกัน
159,眉,méi,眉毛,méi máo,คิ้ว,他的眉毛很粗,tā de méi máo hěn cū,คิ้วของเขาหนา
160,鼻,bí,鼻子,bí zǐ,จมูก,小狗的鼻子很灵,xiǎo gǒu de bí zi hěn líng,จมูกของลูกสุนัขไวมาก
161,光,guāng,阳光,yáng guāng,แสงแดด,阳光照进教室,yáng guāng zhào jìn jiào shì,แสงแดดส่องเข้ามาในห้องเรียน
162,星,xīng,星星,xīng xīng,ดาว,夜晚有星星,yè wǎn yǒu xīng xīng,กลางคืนมีดวงดาว
163,阳,yáng,阳光,yáng guāng,แสงอาทิตย์,早上有阳光,zǎo shàng yǒu yáng guāng,ตอนเช้ามีแสงแดด
164,亮,liàng,明亮,míng liàng,สว่างไสว,房间很明亮,fáng jiān hěn míng liàng,ห้องสว่างมาก
165,今,jīn,今天,jīn tiān,วันนี้,今天我上学,jīn tiān wǒ shàng xué,วันนี้ฉันไปโรงเรียน
166,明,míng,明亮,míng liàng,สว่างไสว,灯让教室明亮,dēng ràng jiào shì míng liàng,ไฟทำให้ห้องเรียนสว่าง
167,走,zǒu,走路,zǒu lù,เดิน,我们走路回家,wǒ men zǒu lù huí jiā,พวกเราเดินกลับบ้าน
168,兴,xìng,高兴,gāo xìng,มีความสุข,我见到你很高兴,wǒ jiàn dào nǐ hěn gāo xìng,ฉันดีใจมากที่ได้พบคุณ
169,空,kōng,空气,kōng qì,อากาศ,早上的空气很好,zǎo shàng de kōng qì hěn hǎo,อากาศตอนเช้าดีมาก
170,两,liǎng,两个,liǎng gè,สองอัน,我有两个朋友,wǒ yǒu liǎng gè péng yǒu,ฉันมีเพื่อนสองคน
171,哭,kū,大哭,dà kū,ร้องไห้จ้า,孩子摔倒大哭,hái zi shuāi dǎo dà kū,เด็กหกล้มร้องไห้เสียงดัง
172,牙,yá,虫牙,chóng yá,ฟันผุ,他有一颗虫牙,tā yǒu yī kē chóng yá,เขามีฟันผุหนึ่งซี่
173,肚,dù,肚子,dù zǐ,ท้อง,我的肚子饿了,wǒ de dù zi è le,ฉันหิวแล้ว
174,尾,wěi,尾巴,wěi bā,หาง,小狗摇尾巴,xiǎo gǒu yáo wěi ba,ลูกสุนัขส่ายหาง
175,你,nǐ,你好,nǐ hǎo,สวัสดี,老师你好,lǎo shī nǐ hǎo,สวัสดีคุณครู
176,脸,liǎn,洗脸,xǐ liǎn,ล้างหน้า,早上要洗脸,zǎo shàng yào xǐ liǎn,ตอนเช้าต้องล้างหน้า
177,黑,hēi,黑色,hēi sè,สีดำ,猫是黑色的,māo shì hēi sè de,แมวเป็นสีดำ
178,半,bàn,一半,yī bàn,ครึ่งหนึ่ง,我吃了一半,wǒ chī le yí bàn,ฉันกินไปครึ่งหนึ่ง
179,呀,yā,哎呀,āi yā,โอ๊ะ/ว้าย,哎呀，我忘记了,"āi yā, wǒ wàng jì le",โอ้ ฉันลืมไปแล้ว
180,吗,mā,在吗,zài mā,อยู่ไหม,你在吗,nǐ zài ma,คุณอยู่ไหม
181,七,qī,七个,qī gè,เจ็ดอัน,盒子里有七个球,hé zi lǐ yǒu qī gè qiú,ในกล่องมีลูกบอลเจ็ดลูก
182,八,bā,八爪鱼,bā zhuǎ yú,ปลาหมึกยักษ์,八爪鱼住在海里,bā zhǎo yú zhù zài hǎi lǐ,ปลาหมึกแปดขาอาศัยอยู่ในทะเล
183,九,jiǔ,九月,jiǔ yuè,เดือนกันยายน,九月开始上学,jiǔ yuè kāi shǐ shàng xué,เดือนกันยายนเริ่มเข้าเรียน
184,十,shí,十个,shí gè,สิบอัน,我有十个手指,wǒ yǒu shí gè shǒu zhǐ,ฉันมีนิ้วมือสิบ นิ้ว
185,又,yòu,又一个,yòu yī gè,อีกหนึ่งอัน,我又一个问题,wǒ yòu yí gè wèn tí,ฉันมีอีกหนึ่งคำถาม
186,很,hěn,很长,hěn cháng,ยาวมาก,这条河很长,zhè tiáo hé hěn zhǎng,แม่น้ำสายนี้ยาวมาก
187,太,tài,太大,tài dà,ใหญ่มาก,这个书包太大,zhè ge shū bāo tài dà,กระเป๋านักเรียนใบนี้ใหญ่เกินไป
188,宝,bǎo,宝石,bǎo shí,อัญมณี,宝石闪闪发光,bǎo shí shǎn shǎn fā guāng,อัญมณีเปล่งประกายแวววาว
189,贝,bèi,贝壳,bèi ké,เปลือกหอย,沙滩上有贝壳,shā tān shàng yǒu bèi ké,บนชายหาดมีเปลือกหอย
190,和,hé,和平,hé píng,สันติภาพ,世界需要和平,shì jiè xū yào hé píng,โลกต้องการสันติภาพ
191,关,guān,关上,guān shàng,ปิด,请关上门,qǐng guān shàng mén,กรุณาปิดประตู
192,园,yuán,花园,huā yuán,สวนดอกไม้,花园里有花,huā yuán lǐ yǒu huā,ในสวนมีดอกไม้
193,生,shēng,生长,shēng zhǎng,เติบโต,植物慢慢生长,zhí wù màn màn shēng zhǎng,พืชค่อย ๆ เจริญเติบโต
194,公,gōng,公公,gōng gōng,คุณตา,公公喜欢散步,gōng gōng xǐ huān sàn bù,คุณตาชอบเดินเล่น
195,苗,miáo,树苗,shù miáo,ต้นกล้า,树苗要浇水,shù miáo yào jiāo shuǐ,ต้นกล้าต้องรดน้ำ
196,叶,yè,叶子,yè zǐ,ใบไม้,叶子变绿了,yè zi biàn lǜ le,ใบไม้เปลี่ยนเป็นสีเขียว
197,林,lín,树林,shù lín,ป่าไม้,树林里很安静,shù lín lǐ hěn ān jìng,ในป่าเงียบสงบมาก
198,草,cǎo,小草,xiǎo cǎo,ต้นหญ้าเล็ก,小草在风中动,xiǎo cǎo zài fēng zhōng dòng,หญ้าเล็ก ๆ ไหวตามลม
199,先,xiān,先后,xiān hòu,ก่อน-หลัง,大家先后进门,dà jiā xiān hòu jìn mén,ทุกคนเข้าไปในประตูตามลำดับ
200,岛,dǎo,海岛,hǎi dǎo,เกาะทะเล,海岛在大海中,hǎi dǎo zài dà hǎi zhōng,เกาะอยู่กลางทะเล
201,嘴,zuǐ,嘴巴,zuǐ bā,ปาก,小狗张开嘴巴吃饭。,xiǎo gǒu zhāng kāi zuǐ bā chī fàn,ลูกสุนัขอ้าปากกินข้าว
202,眼,yǎn,眼花,yǎn huā,ตาลาย,跑得太快让我眼花。,pǎo dé tài kuài ràng wǒ yǎn huā,วิ่งเร็วเกินไปทำให้ฉันตาลาย
203,睛,jīng,眼睛,yǎn jīng,ดวงตา,我的眼睛看得很清楚。,wǒ de yǎn jīng kàn dé hěn qīng chǔ,ดวงตาของฉันมองเห็นได้ชัดเจนมาก
204,脚,jiǎo,脚丫,jiǎo yā,เท้าเล็ก,孩子的脚丫很可爱。,hái zi de jiǎo yā hěn kě ài,เท้าเล็ก ๆ ของเด็กน่ารักมาก
205,腿,tuǐ,大腿,dà tuǐ,ต้นขา,他跑步时大腿很用力。,tā pǎo bù shí dà tuǐ hěn yòng lì,ตอนเขาวิ่ง ต้นขาออกแรงมาก
206,翅,chì,翅膀,chì bǎng,ปีก,小鸟张开翅膀飞走。,xiǎo niǎo zhāng kāi chì bǎng fēi zǒu,นกตัวเล็กกางปีกแล้วบินจากไป
207,膀,bǎng,肩膀,jiān bǎng,ไหล่,爸爸把包放在肩膀上。,bà bà bǎ bāo fàng zài jiān bǎng shàng,พ่อสะพายกระเป๋าไว้บนไหล่
208,羽,yǔ,羽毛,yǔ máo,ขนนก,地上有一根羽毛。,dì shàng yǒu yī gēn yǔ máo,บนพื้นมีขนนกหนึ่งเส้น
209,体,tǐ,身体,shēn tǐ,ร่างกาย,运动对身体很好。,yùn dòng duì shēn tǐ hěn hǎo,การออกกำลังกายดีต่อร่างกายมาก
210,没,méi,没有,méi yǒu,ไม่มี,今天没有下雨。,jīn tiān méi yǒu xià yǔ,วันนี้ฝนไม่ตก
211,认,rèn,认真,rèn zhēn,ตั้งใจ/จริงจัง,他认真听老师讲课。,tā rèn zhēn tīng lǎo shī jiǎng kè,เขาตั้งใจฟังครูสอน
212,识,shí,认识,rèn shí,รู้จัก,我认识很多新朋友。,wǒ rèn shí hěn duō xīn péng yǒu,ฉันรู้จักเพื่อนใหม่หลายคน
213,颜,yán,颜色,yán sè,สี,这些颜色很好看。,zhè xiē yán sè hěn hǎo kàn,สีเหล่านี้ดูสวยงามมาก
214,黄,huáng,黄色,huáng sè,สีเหลือง,香蕉是黄色的。,xiāng jiāo shì huáng sè de,กล้วยเป็นสีเหลือง
215,蓝,lán,蓝莓,lán méi,บลูเบอร์รี่,蓝莓酸酸甜甜的。,lán méi suān suān tián tián de,บลูเบอร์รีมีรสเปรี้ยวอมหวาน
216,绿,lǜ,绿色,lǜ sè,สีเขียว,树叶是绿色的。,shù yè shì lǜ sè de,ใบไม้เป็นสีเขียว
217,粉,fěn,面粉,miàn fěn,แป้ง,妈妈用面粉做蛋糕。,mā mā yòng miàn fěn zuò dàn gāo,แม่ใช้แป้งทำเค้ก
218,青,qīng,青草,qīng cǎo,หญ้าเขียว,牛在吃青草。,niú zài chī qīng cǎo,วัวกำลังกินหญ้า
219,紫,zǐ,紫色,zǐ sè,สีม่วง,花朵是紫色的。,huā duǒ shì zǐ sè de,ดอกไม้เป็นสีม่วง
220,彩,cǎi,彩色,cǎi sè,สีสัน,彩色气球飞上天。,cǎi sè qì qiú fēi shàng tiān,ลูกโป่งหลากสีลอยขึ้นสู่ท้องฟ้า
221,食,shí,食物,shí wù,อาหาร,桌上有很多食物。,zhuō shàng yǒu hěn duō shí wù,บนโต๊ะมีอาหารมากมาย
222,物,wù,礼物,lǐ wù,ของขวัญ,这是送给你的礼物。,zhè shì sòng gěi nǐ de lǐ wù,นี่คือของขวัญที่ให้คุณ
223,尝,cháng,尝一尝,cháng yī cháng,ลองชิม,我想尝一尝这个。,wǒ xiǎng cháng yī cháng zhè ge,ฉันอยากลองชิมดู
224,闻,wén,新闻,xīn wén,ข่าว,爸爸在看新闻。,bà bà zài kàn xīn wén,พ่อกำลังดูข่าว
225,味,wèi,味道,wèi dào,รสชาติ,这个汤味道很好。,zhè ge tāng wèi dào hěn hǎo,ซุปนี้รสชาติดีมาก
226,鲜,xiān,鲜美,xiān měi,สดอร่อย,鱼汤非常鲜美。,yú tāng fēi cháng xiān měi,ซุปปลามีรสชาติอร่อยมาก
227,苦,kǔ,痛苦,tòng kǔ,เจ็บปวด,摔倒时会感到痛苦。,shuāi dǎo shí huì gǎn dào tòng kǔ,เวลาล้มจะรู้สึกเจ็บ
228,甜,tián,甜蜜,tián mì,หวานชื่น,糖果吃起来很甜蜜。,táng guǒ chī qǐ lái hěn tián mì,ลูกอมกินแล้วหวานมาก
229,什,shén,什么,shén me,อะไร,你在看什么？,nǐ zài kàn shén me,คุณกำลังดูอะไรอยู่
230,么,me,怎么,zěn me,ยังไง,你怎么做到的？,nǐ zěn me zuò dào de,คุณทำได้อย่างไร
231,起,qǐ,起来,qǐ lái,ลุกขึ้น,早上要早点起来。,zǎo shàng yào zǎo diǎn qǐ lái,ตอนเช้าต้องตื่นให้เช้า
232,运,yùn,运动,yùn dòng,ออกกำลังกาย,每天运动身体好。,měi tiān yùn dòng shēn tǐ hǎo,ออกกำลังกายทุกวันร่างกายแข็งแรง
233,动,dòng,动作,dòng zuò,ท่าทาง,他的动作很标准。,tā de dòng zuò hěn biāo zhǔn,ท่าทางของเขาถูกต้องมาก
234,踢,tī,踢球,tī qiú,เตะบอล,我们在操场踢球。,wǒ men zài cāo chǎng tī qiú,พวกเราเตะบอลอยู่ที่สนาม
235,足,zú,足球,zú qiú,ฟุตบอล,我最喜欢足球。,wǒ zuì xǐ huān zú qiú,ฉันชอบฟุตบอลที่สุด
236,赛,sài,比赛,bǐ sài,แข่งขัน,学校有一场比赛。,xué xiào yǒu yī cháng bǐ sài,โรงเรียนมีการแข่งขันหนึ่งรายการ
237,快,kuài,飞快,fēi kuài,เร็วมาก,小猫飞快地跑走。,xiǎo māo fēi kuài dì pǎo zǒu,ลูกแมววิ่งหนีไปอย่างรวดเร็ว
238,慢,màn,慢慢,màn màn,ช้าๆ,小船慢慢前进。,xiǎo chuán màn màn qián jìn,เรือลำเล็กค่อย ๆ แล่นไปข้างหน้า
239,跑,pǎo,跑步,pǎo bù,วิ่ง,我每天早上跑步。,wǒ měi tiān zǎo shàng pǎo bù,ฉันวิ่งทุกเช้า
240,步,bù,散步,sàn bù,เดินเล่น,晚饭后一起散步。,wǎn fàn hòu yì qǐ sàn bù,หลังอาหารเย็นไปเดินเล่นด้วยกัน
241,唱,chàng,唱歌,chàng gē,ร้องเพลง,妹妹喜欢唱歌。,mèi mèi xǐ huān chàng gē,น้องสาวชอบร้องเพลง
242,歌,gē,歌声,gē shēng,เสียงเพลง,歌声很好听。,gē shēng hěn hǎo tīng,เสียงเพลงไพเราะมาก
243,跳,tiào,跳水,tiào shuǐ,กระโดดน้ำ,哥哥在游泳池跳水。,gē gē zài yóu yǒng chí tiào shuǐ,พี่ชายกระโดดน้ำในสระว่ายน้ำ
244,舞,wǔ,舞狮,wǔ shī,เชิดสิงโต,春节有舞狮表演。,chūn jié yǒu wǔ shī biǎo yǎn,ช่วงตรุษจีนมีการแสดงเชิดสิงโต
245,吹,chuī,吹喇叭,chuī lǎ bā,เป่าแตร,他在吹喇叭。,tā zài chuī lǎ bā,เขากำลังเป่าแตร
246,号,hào,小号,xiǎo hào,ทรัมเป็ต,哥哥会吹小号。,gē gē huì chuī xiǎo hào,พี่ชายเป่าแตรเล็กได้
247,讲,jiǎng,讲话,jiǎng huà,พูด,老师正在讲话。,lǎo shī zhèng zài jiǎng huà,ครูกำลังพูด
248,故,gù,故事,gù shì,นิทาน,妈妈给我讲故事。,mā mā gěi wǒ jiǎng gù shì,แม่เล่าเรื่องให้ฉันฟัง
249,事,shì,事情,shì qíng,เรื่องราว,这件事情很重要。,zhè jiàn shì qíng hěn zhòng yào,เรื่องนี้สำคัญมาก
250,怎,zěn,怎么办,zěn me bàn,ทำยังไง,下雨了怎么办？,xià yǔ le zěn me bàn,ฝนตกแล้วจะทำอย่างไรดี
251,帮,bāng,帮助,bāng zhù,ช่วย,朋友会帮助我。,péng yǒu huì bāng zhù wǒ,เพื่อนจะช่วยฉัน
252,找,zhǎo,找到,zhǎo dào,หาเจอ,我找到我的书了。,wǒ zhǎo dào wǒ de shū le,ฉันหาเจอหนังสือของฉันแล้ว
253,欢,huān,欢乐,huān lè,ความสุข / สนุกสนาน,操场充满欢乐。,cāo chǎng chōng mǎn huān lè,สนามเต็มไปด้วยความสนุกสนาน
254,担,dān,担心,dān xīn,กังวล,妈妈担心我。,mā mā dān xīn wǒ,แม่เป็นห่วงฉัน
255,闷,mèn,苦闷,kǔ mèn,หดหู่ / อึดอัด,下雨天让我苦闷。,xià yǔ tiān ràng wǒ kǔ mèn,วันฝนตกทำให้ฉันรู้สึกอึดอัด
256,急,jí,着急,zháo jí,รีบเร่ง / กระวนกระวาย,找不到书很着急。,zhǎo bú dào shū hěn zháo jí,หาหนังสือไม่เจอทำให้ร้อนใจมาก
257,害,hài,害虫,hài chóng,แมลงศัตรูพืช,农田里有害虫。,nóng tián lǐ yǒu hài chóng,ในนามีแมลงศัตรูพืช
258,怕,pà,害怕,hài pà,กลัว,孩子一个人会害怕。,hái zi yí gè rén huì hài pà,เด็กอยู่คนเดียวจะรู้สึกกลัว
259,惊,jīng,吃惊,chī jīng,ตกใจ,我听到消息很吃惊。,wǒ tīng dào xiāo xī hěn chī jīng,ฉันได้ยินข่าวแล้วตกใจมาก
260,哈,hā,笑哈哈,xiào hā hā,หัวเราะเสียงดัง,孩子们笑哈哈。,hái zi men xiào hā hā,เด็ก ๆ หัวเราะอย่างสนุกสนาน
261,老,lǎo,老人,lǎo rén,คนแก่,老人坐在公园里。,lǎo rén zuò zài gōng yuán lǐ,คนชรานั่งอยู่ในสวนสาธารณะ
262,师,shī,老师,lǎo shī,ครู / อาจารย์,老师教我们写字。,lǎo shī jiào wǒ men xiě zì,ครูสอนพวกเราเขียนหนังสือ
263,同,tóng,同学,tóng xué,เพื่อนร่วมชั้น,同学们一起学习。,tóng xué men yì qǐ xué xí,เพื่อนร่วมชั้นเรียนด้วยกัน
264,学,xué,学会,xué huì,เรียนรู้,我学会写汉字了。,wǒ xué huì xiě hàn zì le,ฉันเรียนรู้การเขียนอักษรจีนแล้ว
265,校,xiào,学校,xué xiào,โรงเรียน,我每天去学校。,wǒ měi tiān qù xué xiào,ฉันไปโรงเรียนทุกวัน
266,桌,zhuō,桌子,zhuō zǐ,โต๊ะ,书放在桌子上。,shū fàng zài zhuō zi shàng,หนังสือวางอยู่บนโต๊ะ
267,椅,yǐ,椅子,yǐ zǐ,เก้าอี้,椅子摆得很整齐。,yǐ zi bǎi dé hěn zhěng qí,เก้าอี้จัดวางอย่างเป็นระเบียบ
268,教,jiào,教导,jiào dǎo,สั่งสอน / แนะนำ,老师认真教导学生。,lǎo shī rèn zhēn jiào dǎo xué shēng,ครูสอนนักเรียนอย่างตั้งใจ
269,室,shì,室内,shì nèi,ในห้อง / ภายใน,下雨天在室内玩。,xià yǔ tiān zài shì nèi wán,วันฝนตกเล่นอยู่ในอาคาร
270,课,kè,上课,shàng kè,เข้าเรียน / เริ่มเรียน,我们准时上课。,wǒ men zhǔn shí shàng kè,พวกเราเข้าเรียนตรงเวลา
271,做,zuò,做梦,zuò mèng,ฝัน,我晚上会做梦。,wǒ wǎn shàng huì zuò mèng,ตอนกลางคืนฉันจะฝัน
272,给,gěi,送给,sòng gěi,มอบให้ / ส่งให้,这本书送给你。,zhè běn shū sòng gěi nǐ,หนังสือเล่มนี้ให้คุณ
273,操,cāo,早操,zǎo cāo,ออกกำลังกายตอนเช้า,我们每天做早操。,wǒ men měi tiān zuò zǎo cāo,พวกเราออกกำลังกายตอนเช้าทุกวัน
274,伸,shēn,伸长,shēn cháng,ยืดออก / ขยาย,他把手臂伸长。,tā bǎ shǒu bì shēn cháng,เขาเหยียดแขนยาวออกไป
275,拉,lā,拉手,lā shǒu,จับมือ / จูงมือ,我们一起拉手走。,wǒ men yì qǐ lā shǒu zǒu,พวกเราจูงมือเดินไปด้วยกัน
276,举,jǔ,举起,jǔ qǐ,ยกขึ้น / ชูขึ้น,大家举起小手。,dà jiā jǔ qǐ xiǎo shǒu,ทุกคนยกมือเล็ก ๆ ขึ้น
277,拍,pāi,拍皮球,pāi pí qiú,เดาะลูกบอล,孩子在拍皮球。,hái zi zài pāi pí qiú,เด็กกำลังเดาะลูกบอล
278,抓,zhuā,抓住,zhuā zhù,จับไว้,小猫抓住老鼠。,xiǎo māo zhuā zhù lǎo shǔ,ลูกแมวจับหนูได้
279,拥,yōng,拥抱,yōng bào,กอด,妈妈给我一个拥抱。,mā mā gěi wǒ yí gè yōng bào,แม่กอดฉันหนึ่งครั้ง
280,扔,rēng,扔掉,rēng diào,ทิ้ง / โยนทิ้ง,不要乱扔掉垃圾。,bú yào luàn rēng diào lā jī,อย่าทิ้งขยะเรี่ยราด
281,寒,hán,寒冷,hán lěng,หนาวเย็น,冬天的早晨很寒冷。,dōng tiān de zǎo chén hěn hán lěng,เช้าฤดูหนาวหนาวมาก
282,冷,lěng,寒冷,hán lěng,หนาวเย็น,寒冷的风吹来了。,hán lěng de fēng chuī lái le,ลมหนาวพัดมาแล้ว
283,温,wēn,温水,wēn shuǐ,น้ำอุ่น,我喝了一杯温水。,wǒ hē le yī bēi wēn shuǐ,ฉันดื่มน้ำอุ่นหนึ่งแก้ว
284,暖,nuǎn,温暖,wēn nuǎn,อบอุ่น,妈妈的手很温暖。,mā mā de shǒu hěn wēn nuǎn,มือของแม่อบอุ่นมาก
285,热,rè,热水,rè shuǐ,น้ำร้อน,泡茶要用热水。,pào chá yào yòng rè shuǐ,ชงชาต้องใช้น้ำร้อน
286,凉,liáng,凉快,liáng kuài,เย็นสบาย,树下很凉快。,shù xià hěn liáng kuài,ใต้ต้นไม้เย็นสบาย
287,湿,shī,弄湿,nòng shī,ทำให้เปียก,下雨把衣服弄湿了。,xià yǔ bǎ yī fú nòng shī le,ฝนทำให้เสื้อผ้าเปียก
288,净,jìng,干净,gān jìng,สะอาด,房间打扫得很干净。,fáng jiān dǎ sǎo dé hěn gān jìng,ห้องถูกทำความสะอาดจนสะอาดมาก
289,到,dào,到达,dào dá,ไปถึง / มาถึง,我们安全到达学校。,wǒ men ān quán dào dá xué xiào,พวกเราไปถึงโรงเรียนอย่างปลอดภัย
290,都,dōu,都是,dōu shì,ทั้งหมด / ต่างก็,这些书都是新的。,zhè xiē shū dōu shì xīn de,หนังสือเหล่านี้ล้วนเป็นของใหม่
291,办,bàn,办法,bàn fǎ,วิธี / วิธีการ,老师有好办法。,lǎo shī yǒu hǎo bàn fǎ,ครูมีวิธีที่ดี
292,渴,kě,口渴,kǒu kě,กระหายน้ำ,运动后会口渴。,yùn dòng hòu huì kǒu kě,หลังออกกำลังกายจะกระหายน้ำ
293,喝,hē,喝水,hē shuǐ,ดื่มน้ำ,口渴时要喝水。,kǒu kě shí yào hē shuǐ,กระหายน้ำต้องดื่มน้ำ
294,饿,è,饥饿,jī è,ความหิว,我感到有点饥饿。,wǒ gǎn dào yǒu diǎn jī è,ฉันรู้สึกหิวเล็กน้อย
295,饭,fàn,吃饭,chī fàn,กินข้าว / รับประทานอาหาร,中午我们一起吃饭。,zhōng wǔ wǒ men yì qǐ chī fàn,ตอนเที่ยงพวกเรากินข้าวด้วยกัน
296,睡,shuì,睡觉,shuì jiào,นอนหลับ,晚上要早点睡觉。,wǎn shàng yào zǎo diǎn shuì jiào,ตอนกลางคืนควรนอนให้เร็ว
297,觉,jiào,睡觉,shuì jiào,นอนหลับ,小猫在角落睡觉。,xiǎo māo zài jiǎo luò shuì jiào,ลูกแมวนอนอยู่มุมห้อง
298,累,lèi,劳累,láo lèi,เหนื่อยล้า,一天学习很劳累。,yī tiān xué xí hěn láo lèi,เรียนมาทั้งวันเหนื่อยมาก
299,醒,xǐng,睡醒,shuì xǐng,ตื่นนอน,我早上睡醒了。,wǒ zǎo shàng shuì xǐng le,ตอนเช้าฉันตื่นนอนแล้ว
300,雾,wù,大雾,dà wù,หมอกหนา,早上有大雾。,zǎo shàng yǒu dà wù,ตอนเช้ามีหมอกหนา
301,房,fáng,房子,fáng zǐ,บ้าน,我们住在一所小房子里,wǒ men zhù zài yī suǒ xiǎo fáng zi lǐ,พวกเราอาศัยอยู่ในบ้านหลังเล็ก
302,间,jiān,房间,fáng jiān,ห้อง,我的房间很整洁,wǒ de fáng jiān hěn zhěng jié,ห้องของฉันเป็นระเบียบเรียบร้อยมาก
303,帘,lián,门帘,mén lián,ผ้าม่านประตู,门上挂着门帘,mén shàng guà zhe mén lián,ที่ประตูมีม่านประตูแขวนอยู่
304,窗,chuāng,窗户,chuāng hù,หน้าต่าง,窗户外面有阳光,chuāng hù wài miàn yǒu yáng guāng,นอกหน้าต่างมีแสงแดด
305,户,hù,住户,zhù hù,ผู้อยู่อาศัย,这栋楼有很多住户,zhè dòng lóu yǒu hěn duō zhù hù,อาคารหลังนี้มีผู้อยู่อาศัยจำนวนมาก
306,台,tái,台灯,tái dēng,โคมไฟตั้งโต๊ะ,台灯放在书桌上,tái dēng fàng zài shū zhuō shàng,โคมไฟตั้งโต๊ะวางอยู่บนโต๊ะเขียนหนังสือ
307,视,shì,视力,shì lì,สายตา / การมองเห็น,他视力很好,tā shì lì hěn hǎo,สายตาของเขาดีมาก
308,床,chuáng,起床,qǐ chuáng,ตื่นนอน,我每天早上起床,wǒ měi tiān zǎo shàng qǐ chuáng,ฉันตื่นนอนทุกเช้า
309,被,bèi,被子,bèi zǐ,ผ้าห่ม,晚上要盖好被子,wǎn shàng yào gài hǎo bèi zi,ตอนกลางคืนต้องห่มผ้าให้เรียบร้อย
310,处,chù,到处,dào chù,ทุกที่,公园里到处是花,gōng yuán lǐ dào chù shì huā,ในสวนสาธารณะมีดอกไม้อยู่ทั่วไป
311,让,ràng,让座,ràng zuò,สละที่นั่ง,我在车上让座给老人,wǒ zài chē shàng ràng zuò gěi lǎo rén,ฉันสละที่นั่งให้ผู้สูงอายุบนรถ
312,对,duì,对准,duì zhǔn,เล็ง,他把镜头对准目标,tā bǎ jìng tóu duì zhǔn mù biāo,เขาปรับเลนส์กล้องให้ตรงกับเป้าหมาย
313,姐,jiě,姐姐,jiě jiē,พี่สาว,姐姐在写作业,jiě jiě zài xiě zuò yè,พี่สาวกำลังทำการบ้าน
314,妹,mèi,姐妹,jiě mèi,พี่สาวน้องสาว,她们是好姐妹,tā men shì hǎo jiě mèi,พวกเธอเป็นพี่น้องที่ดีต่อกัน
315,阿,ā,阿姨,ā yí,น้า / อา (ผู้หญิง),阿姨对我很好,ā yí duì wǒ hěn hǎo,ป้าคนนี้ดีกับฉันมาก
316,姨,yí,阿姨,ā yí,น้า / อา (ผู้หญิง),这位阿姨在买菜,zhè wèi ā yí zài mǎi cài,ป้าคนนี้กำลังซื้อผัก
317,叔,shū,叔叔,shū shū,ลุง / อา (ผู้ชาย),叔叔开车送我,shū shū kāi chē sòng wǒ,ลุงขับรถไปส่งฉัน
318,伯,bó,老伯伯,lǎo bó bó,คุณลุง,老伯伯在公园散步,lǎo bó bo zài gōng yuán sàn bù,คุณลุงกำลังเดินเล่นอยู่ในสวน
319,姑,gū,姑娘,gū niáng,สาว / เด็กผู้หญิง,那位姑娘在唱歌,nà wèi gū niáng zài chàng gē,หญิงสาวคนนั้นกำลังร้องเพลง
320,亲,qīn,亲爱,qīn ài,ที่รัก,亲爱的妈妈，我爱你,"qīn ài de mā mā, wǒ ài nǐ",แม่ที่รัก ฉันรักแม่
321,餐,cān,午餐,wǔ cān,อาหารกลางวัน,我们一起吃午餐,wǒ men yì qǐ chī wǔ cān,พวกเรากินอาหารกลางวันด้วยกัน
322,盘,pán,盘子,pán zǐ,จาน,盘子里有水果,pán zi lǐ yǒu shuǐ guǒ,ในจานมีผลไม้
323,碗,wǎn,碗筷,wǎn kuài,ชามกับตะเกียบ,吃饭前准备碗筷,chī fàn qián zhǔn bèi wǎn kuài,ก่อนกินข้าวต้องเตรียมชามและตะเกียบ
324,筷,kuài,筷子,kuài zǐ,ตะเกียบ,我会用筷子,wǒ huì yòng kuài zi,ฉันใช้ตะเกียบได้
325,盖,gài,盖子,gài zǐ,ฝา / ที่ปิด,把瓶子的盖子盖好,bǎ píng zi de gài zi gài hǎo,ปิดฝาขวดให้เรียบร้อย
326,袋,dài,口袋,kǒu dài,กระเป๋าเสื้อ/กางเกง,他的口袋里有糖,tā de kǒu dài lǐ yǒu táng,ในกระเป๋าเสื้อของเขามีลูกอม
327,巾,jīn,围巾,wéi jīn,ผ้าพันคอ,冬天要戴围巾,dōng tiān yào dài wéi jīn,ฤดูหนาวต้องใส่ผ้าพันคอ
328,杯,bēi,杯子,bēi zǐ,แก้ว,杯子里有水,bēi zi lǐ yǒu shuǐ,ในแก้วมีน้ำ
329,成,chéng,成功,chéng gōng,ความสำเร็จ,他终于成功了,tā zhōng yú chéng gōng le,ในที่สุดเขาก็ประสบความสำเร็จ
330,用,yòng,不用,bù yòng,ไม่ต้อง,这个问题不用担心,zhè ge wèn tí bù yòng dān xīn,เรื่องนี้ไม่ต้องกังวล
331,像,xiàng,好像,hǎo xiàng,เหมือนว่า,天好像要下雨,tiān hǎo xiàng yào xià yǔ,ดูเหมือนฝนจะตก
332,原,yuán,原来,yuán lái,ที่แท้ / เดิมที,原来你在这里,yuán lái nǐ zài zhè lǐ,ที่แท้คุณอยู่ที่นี่
333,菜,cài,青菜,qīng cài,ผักใบเขียว,我喜欢吃青菜,wǒ xǐ huān chī qīng cài,ฉันชอบกินผัก
334,萝,luó,萝卜,luó bō,หัวไชเท้า,兔子爱吃萝卜,tù zi ài chī luó bo,กระต่ายชอบกินหัวไชเท้า
335,卜,bō,萝卜,luó bō,หัวไชเท้า,妈妈买了新鲜萝卜,mā mā mǎi le xīn xiān luó bo,แม่ซื้อหัวไชเท้าสดมา
336,豆,dòu,豆子,dòu zǐ,ถั่ว,碗里有豆子,wǎn lǐ yǒu dòu zi,ในชามมีถั่ว
337,苹,píng,苹果,píng guǒ,แอปเปิ้ล,苹果又甜又脆,píng guǒ yòu tián yòu cuì,แอปเปิลทั้งหวานทั้งกรอบ
338,桃,táo,桃子,táo zǐ,ลูกท้อ,桃子熟了,táo zi shú le,ลูกท้อสุกแล้ว
339,杏,xìng,杏树,xìng shù,ต้นแอปริคอต,院子里有杏树,yuàn zi lǐ yǒu xìng shù,ในลานบ้านมีต้นแอปริคอต
340,笋,sǔn,竹笋,zhú sǔn,หน่อไม้,竹笋很好吃,zhú sǔn hěn hǎo chī,หน่อไม้กินอร่อยมาก
341,扫,sǎo,扫地,sǎo dì,กวาดพื้น,我帮妈妈扫地,wǒ bāng mā mā sǎo dì,ฉันช่วยแม่กวาดบ้าน
342,地,dì,草地,cǎo dì,สนามหญ้า,孩子在草地上玩,hái zi zài cǎo dì shàng wán,เด็ก ๆ เล่นอยู่บนสนามหญ้า
343,拖,tuō,拖地,tuō dì,ถูพื้น,爸爸在拖地,bà bà zài tuō dì,พ่อกำลังถูพื้น
344,洒,sǎ,洒水,sǎ shuǐ,สาดน้ำ,爷爷给花洒水,yé yé gěi huā sǎ shuǐ,คุณปู่รดน้ำต้นไม้
345,洗,xǐ,洗手,xǐ shǒu,ล้างมือ,吃饭前要洗手,chī fàn qián yào xǐ shǒu,ก่อนกินข้าวต้องล้างมือ
346,服,fú,衣服,yī fú,เสื้อผ้า,衣服洗干净了,yī fú xǐ gān jìng le,เสื้อผ้าซักสะอาดแล้ว
347,晒,shài,晒太阳,shài tài yáng,ตากแดด,小猫喜欢晒太阳,xiǎo māo xǐ huān shài tài yáng,ลูกแมวชอบอาบแดด
348,收,shōu,丰收,fēng shōu,การเก็บเกี่ยว,秋天农民大丰收,qiū tiān nóng mín dà fēng shōu,ฤดูใบไม้ร่วงชาวนาได้ผลผลิตมาก
349,全,quán,全国,quán guó,ทั่วประเทศ,全国人民都很努力,quán guó rén mín dōu hěn nǔ lì,ประชาชนทั่วประเทศต่างขยันขันแข็ง
350,呢,ne,哪儿呢,nǎ ér ne,ที่ไหนล่ะ,你去哪儿呢,nǐ qù nǎ ér ne,คุณจะไปไหน
351,还,hái,还有,hái yǒu,ยังมี,盒子里还有一个,hé zi lǐ hái yǒu yí gè,ในกล่องยังมีอีกหนึ่งชิ้น
352,谁,shuí,是谁,shì shuí,คือใคร,门外是谁,mén wài shì shuí,ใครอยู่นอกประตู
353,商,shāng,商场,shāng chǎng,ห้างสรรพสินค้า,周末我们去商场,zhōu mò wǒ men qù shāng chǎng,วันหยุดสุดสัปดาห์พวกเราไปห้าง
354,场,chǎng,广场,guǎng chǎng,จัตุรัส,广场上有人跳舞,guǎng chǎng shàng yǒu rén tiào wǔ,ที่ลานกว้างมีคนเต้นรำ
355,楼,lóu,楼上,lóu shàng,ชั้นบน,书房在楼上,shū fáng zài lóu shàng,ห้องหนังสืออยู่ชั้นบน
356,街,jiē,街道,jiē dào,ถนน,街道很干净,jiē dào hěn gān jìng,ถนนสะอาดมาก
357,理,lǐ,道理,dào lǐ,เหตุผล,老师讲了一个道理,lǎo shī jiǎng le yí gè dào lǐ,ครูอธิบายหลักการหนึ่งข้อ
358,店,diàn,店员,diàn yuán,พนักงานร้าน,店员很有礼貌,diàn yuán hěn yǒu lǐ mào,พนักงานขายสุภาพมาก
359,鞋,xié,鞋子,xié zǐ,รองเท้า,鞋子放在门口,xié zi fàng zài mén kǒu,รองเท้าวางไว้ที่หน้าประตู
360,市,shì,市场,shì chǎng,ตลาด,市场里很热闹,shì chǎng lǐ hěn rè nào,ในตลาดคึกคักมาก
361,病,bìng,生病,shēng bìng,ป่วย,他昨天生病了,tā zuó tiān shēng bìng le,เมื่อวานเขาป่วย
362,医,yī,医生,yī shēng,หมอ,医生在看病,yī shēng zài kàn bìng,หมอกำลังตรวจรักษา
363,院,yuàn,院子,yuàn zǐ,ลานบ้าน,院子里有花,yuàn zi lǐ yǒu huā,ในลานบ้านมีดอกไม้
364,护,hù,保护,bǎo hù,ปกป้อง,我们要保护动物,wǒ men yào bǎo hù dòng wù,พวกเราต้องปกป้องสัตว์
365,士,shì,士兵,shì bīng,ทหาร,士兵在站岗,shì bīng zài zhàn gǎng,ทหารกำลังยืนยาม
366,伤,shāng,受伤,shòu shāng,ได้รับบาดเจ็บ,他跑步时受伤了,tā pǎo bù shí shòu shāng le,เขาวิ่งแล้วได้รับบาดเจ็บ
367,纱,shā,婚纱,hūn shā,ชุดแต่งงาน,新娘穿着婚纱,xīn niáng chuān zhe hūn shā,เจ้าสาวสวมชุดแต่งงาน
368,布,bù,白布,bái bù,ผ้าขาว,桌上铺着白布,zhuō shàng pù zhe bái bù,บนโต๊ะปูด้วยผ้าสีขาว
369,针,zhēn,针头,zhēn tóu,เข็มฉีดยา,打针要用针头,dǎ zhēn yào yòng zhēn tóu,การฉีดยาต้องใช้เข็ม
370,住,zhù,住房,zhù fáng,ที่อยู่อาศัย,城市里有很多住房,chéng shì lǐ yǒu hěn duō zhù fáng,ในเมืองมีที่อยู่อาศัยมากมาย
371,喂,wèi,喂养,wèi yǎng,เลี้ยงดู,农夫喂养小动物,nóng fū wèi yǎng xiǎo dòng wù,ชาวนาเลี้ยงสัตว์เล็ก
372,放,fàng,放学,fàng xué,เลิกเรียน,放学后我回家,fàng xué hòu wǒ huí jiā,หลังเลิกเรียนฉันกลับบ้าน
373,鸡,jī,小鸡,xiǎo jī,ลูกเจี๊ยบ,小鸡跟着妈妈走,xiǎo jī gēn zhe mā mā zǒu,ลูกไก่เดินตามแม่
374,鸭,yā,野鸭,yě yā,เป็ดป่า,野鸭在河里游,yě yā zài hé lǐ yóu,เป็ดป่าว่ายน้ำอยู่ในแม่น้ำ
375,农,nóng,农夫,nóng fū,ชาวนา,农夫在田里干活,nóng fū zài tián lǐ gàn huó,ชาวนากำลังทำงานในนา
376,夫,fū,农夫,nóng fū,ชาวนา,农夫种庄稼,nóng fū zhǒng zhuāng jià,ชาวนาปลูกพืชผล
377,猫,māo,小猫,xiǎo māo,ลูกแมว,小猫在睡觉,xiǎo māo zài shuì jiào,ลูกแมวกําลังนอนหลับ
378,狗,gǒu,小狗,xiǎo gǒu,ลูกสุนัข,小狗摇尾巴,xiǎo gǒu yáo wěi ba,ลูกสุนัขส่ายหาง
379,鼠,shǔ,老鼠,lǎo shǔ,หนู,老鼠跑得很快,lǎo shǔ pǎo dé hěn kuài,หนูวิ่งเร็วมาก
380,群,qún,羊群,yáng qún,ฝูงแกะ,羊群在山上吃草,yáng qún zài shān shàng chī cǎo,ฝูงแกะกินหญ้าอยู่บนภูเขา
381,汽,qì,水汽,shuǐ qì,ไอน้ำ,热水有水汽,rè shuǐ yǒu shuǐ qì,น้ำร้อนมีไอน้ำ
382,行,xíng,人行道,rén xíng dào,ทางเดินเท้า,人行道上很安全,rén xíng dào shàng hěn ān quán,ทางเท้าปลอดภัยมาก
383,交,jiāo,交叉,jiāo chā,ตัดกัน,两条路在这里交叉,liǎng tiáo lù zài zhè lǐ jiāo chā,ถนนสองสายตัดกันตรงนี้
384,装,zhuāng,装进,zhuāng jìn,ใส่เข้าไป,把书装进书包,bǎ shū zhuāng jìn shū bāo,ใส่หนังสือลงในกระเป๋านักเรียน
385,甲,jiǎ,装甲车,zhuāng jiǎ chē,รถหุ้มเกราะ,装甲车在路上行驶,zhuāng jiǎ chē zài lù shàng xíng shǐ,รถหุ้มเกราะวิ่งอยู่บนถนน
386,机,jī,机器,jī qì,เครื่องจักร,机器开始工作了,jī qì kāi shǐ gōng zuò le,เครื่องจักรเริ่มทำงานแล้ว
387,宇,yǔ,宇宙,yǔ zhòu,จักรวาล,宇宙非常大,yǔ zhòu fēi cháng dà,จักรวาลกว้างใหญ่มาก
388,宙,zhòu,宇宙,yǔ zhòu,จักรวาล,宇宙里有星星,yǔ zhòu lǐ yǒu xīng xīng,ในจักรวาลมีดวงดาว
389,船,chuán,小船,xiǎo chuán,เรือเล็ก,小船在水上漂,xiǎo chuán zài shuǐ shàng piāo,เรือลำเล็กลอยอยู่บนผิวน้ำ
390,化,huà,变化,biàn huà,การเปลี่ยนแปลง,天气有变化,tiān qì yǒu biàn huà,อากาศมีการเปลี่ยนแปลง
391,官,guān,当官,dāng guān,เป็นข้าราชการ,他长大想当官,tā zhǎng dà xiǎng dāng guān,เขาโตขึ้นอยากเป็นข้าราชการ
392,该,gāi,应该,yīng gāi,ควร,我们应该守规则,wǒ men yīng gāi shǒu guī zé,พวกเราควรเคารพกฎ
393,科,kē,科学,kē xué,วิทยาศาสตร์,科学让生活更好,kē xué ràng shēng huó gèng hǎo,วิทยาศาสตร์ทำให้ชีวิตดีขึ้น
394,程,chéng,工程,gōng chéng,วิศวกรรม,工程正在进行,gōng chéng zhèng zài jìn xíng,โครงการกำลังดำเนินการ
395,航,háng,航行,háng xíng,เดินเรือ,船在海上航行,chuán zài hǎi shàng háng xíng,เรือแล่นอยู่ในทะเล
396,员,yuán,服务员,fú wù yuán,พนักงานบริการ,服务员送来了菜,fú wù yuán sòng lái le cài,พนักงานเสิร์ฟนำอาหารมา
397,司,sī,司机,sī jī,คนขับรถ,司机开车很稳,sī jī kāi chē hěn wěn,คนขับรถขับอย่างมั่นคง
398,舞,wǔ,舞蹈,wǔ dǎo,การเต้นรำ,她喜欢舞蹈,tā xǐ huān wǔ dǎo,เธอชอบการเต้นรำ
399,军,jūn,军车,jūn chē,รถทหาร,军车从路上经过,jūn chē cóng lù shàng jīng guò,รถทหารขับผ่านถนน
400,银,yín,银子,yín zǐ,เงิน,盒子里有银子,hé zi lǐ yǒu yín zi,ในกล่องมีเงิน
401,客,kè,客人,kè rén,แขก,客人来到家里做客,kè rén lái dào jiā lǐ zuò kè,แขกมาเยี่ยมบ้าน
402,壳,ké,贝壳,bèi ké,เปลือกหอย,沙滩上有漂亮的贝壳,shā tān shàng yǒu piào liàng de bèi ké,บนชายหาดมีเปลือกหอยสวยงาม
403,救,jiù,求救,qiú jiù,ขอความช่วยเหลือ,小船发出求救信号,xiǎo chuán fā chū qiú jiù xìn hào,เรือลำเล็กส่งสัญญาณขอความช่วยเหลือ
404,板,bǎn,木板,mù bǎn,แผ่นไม้,木板放在地上,mù bǎn fàng zài dì shàng,แผ่นไม้ถูกวางไว้บนพื้น
405,加,jiā,加油,jiā yóu,ให้กำลังใจ,比赛前大家一起加油,bǐ sài qián dà jiā yì qǐ jiā yóu,ก่อนการแข่งขันทุกคนช่วยกันให้กำลังใจ
406,油,yóu,汽油,qì yóu,น้ำมันรถ,汽车需要汽油才能走,qì chē xū yào qì yóu cái néng zǒu,รถยนต์ต้องใช้น้ำมันถึงจะวิ่งได้
407,修,xiū,修理,xiū lǐ,ซ่อมแซม,叔叔在修理自行车,shū shū zài xiū lǐ zì xíng chē,ลุงกำลังซ่อมจักรยาน
408,轮,lún,车轮,chē lún,ล้อรถ,车轮慢慢地转动,chē lún màn màn dì zhuǎn dòng,ล้อรถหมุนช้า ๆ
409,始,shǐ,开始,kāi shǐ,เริ่มต้น,游戏现在开始了,yóu xì xiàn zài kāi shǐ le,เกมเริ่มขึ้นแล้ว
410,离,lí,远离,yuǎn lí,ห่างออกไป,我们要远离危险,wǒ men yào yuǎn lí wēi xiǎn,พวกเราต้องอยู่ห่างจากอันตราย
411,遇,yù,遇见,yù jiàn,พบเจอ,我在路上遇见老师,wǒ zài lù shàng yù jiàn lǎo shī,ฉันพบครูบนถนน
412,别,bié,别动,bié dòng,อย่าขยับ,医生说别动,yī shēng shuō bié dòng,หมอบอกว่าอย่าขยับ
413,海,hǎi,大海,dà hǎi,ทะเลใหญ่,大海又大又蓝,dà hǎi yòu dà yòu lán,ทะเลกว้างใหญ่และสีฟ้า
414,洋,yáng,洋气,yáng qì,ดูดี / ทันสมัย,她穿得很洋气,tā chuān dé hěn yáng qì,เธอแต่งตัวทันสมัย
415,流,liú,流水,liú shuǐ,สายน้ำ,山间有清清的流水,shān jiān yǒu qīng qīng de liú shuǐ,ในหุบเขามีน้ำใสไหล
416,浪,làng,浪花,làng huā,ฟองคลื่น,浪花拍打着岸边,làng huā pāi dǎ zhe àn biān,คลื่นซัดกระทบฝั่ง
417,波,bō,波浪,bō làng,คลื่นน้ำ,波浪一高一低,bō làng yī gāo yī dī,คลื่นสูงต่ำสลับกัน
418,潮,cháo,潮水,cháo shuǐ,น้ำทะเลหนุน,潮水慢慢上涨,cháo shuǐ màn màn shàng zhǎng,น้ำทะเลค่อย ๆ สูงขึ้น
419,雷,léi,雷声,léi shēng,เสียงฟ้าร้อง,远处传来雷声,yuǎn chù chuán lái léi shēng,ได้ยินเสียงฟ้าร้องมาจากไกล
420,乌,wū,乌鸦,wū yā,อีกา,树上站着一只乌鸦,shù shàng zhàn zhe yī zhī wū yā,บนต้นไม้มีอีกาตัวหนึ่งเกาะอยู่
421,底,dǐ ,底下,dǐ xià,ข้างล่าง,石头底下有小虫,shí tou dǐ xià yǒu xiǎo chóng,ใต้ก้อนหินมีแมลงตัวเล็ก
422,虾, xiā ,龙虾,lóng xiā,กุ้งมังกร,龙虾住在海里,lóng xiā zhù zài hǎi lǐ,กุ้งมังกรอาศัยอยู่ในทะเล
423,丑, chǒu ,小丑,xiǎo chǒu,ตัวตลก,小丑在表演节目,xiǎo chǒu zài biǎo yǎn jié mù,ตัวตลกกำลังแสดง
424,斑, bān ,斑纹,bān wén,ลายจุด / ลายเส้น,小鱼身上有斑纹,xiǎo yú shēn shàng yǒu bān wén,บนตัวปลาตัวเล็กมีลายจุด
425,带, dài ,飘带,piāo dài,ริบบิ้น / สายผ้า,彩色的飘带在飞,cǎi sè de piāo dài zài fēi,ริบบิ้นสีสันปลิวไหว
426,宫, gōng ,宫殿,gōng diàn,พระราชวัง,宫殿看起来很大,gōng diàn kàn qǐ lái hěn dà,พระราชวังดูใหญ่โตมาก
427,美, měi ,美丽,měi lì,สวยงาม,这幅画很美丽,zhè fú huà hěn měi lì,ภาพวาดนี้สวยงามมาก
428,柱, zhù ,柱子,zhù zǐ,เสา,大厅里有高高的柱子,dà tīng lǐ yǒu gāo gāo de zhù zi,ในห้องโถงมีเสาสูง
429,矿, kuàng ,矿石,kuàng shí,แร่หิน,地里发现了矿石,dì lǐ fā xiàn le kuàng shí,พบแร่ในพื้นดิน
430,完, wán ,完成,wán chéng,เสร็จสิ้น,作业已经完成,zuò yè yǐ jīng wán chéng,การบ้านเสร็จเรียบร้อยแล้ว
431,挖, wā ,挖土,wā tǔ,ขุดดิน,他在院子里挖土,tā zài yuàn zi lǐ wā tǔ,เขากำลังขุดดินในลานบ้าน
432,就, jiù ,就是,jiù shì,ก็คือ,这就是答案,zhè jiù shì dá àn,นี่คือคำตอบ
433,岩, yán ,岩石,yán shí,หิน,山上有很多岩石,shān shàng yǒu hěn duō yán shí,บนภูเขามีหินมากมาย
434,沙, shā ,沙子,shā zǐ,ทราย,孩子们在玩沙子,hái zi men zài wán shā zi,เด็ก ๆ กำลังเล่นทราย
435,滩, tān ,沙滩,shā tān,ชายหาด,我们一起去沙滩,wǒ men yì qǐ qù shā tān,พวกเราไปชายหาดด้วยกัน
436,鸥, ōu ,海鸥,hǎi ōu,นกนางนวล,海鸥在天空飞,hǎi ōu zài tiān kōng fēi,นกนางนวลบินอยู่บนท้องฟ้า
437,瓶, píng ,瓶子,píng zǐ,ขวด,桌上放着一个瓶子,zhuō shàng fàng zhe yí gè píng zi,บนโต๊ะมีขวดหนึ่งใบ
438,珠, zhū ,珠宝,zhū bǎo,อัญมณี,盒子里有珠宝,hé zi lǐ yǒu zhū bǎo,ในกล่องมีอัญมณี
439,金, jīn ,金币,jīn bì,เหรียญทอง,箱子里有金币,xiāng zi lǐ yǒu jīn bì,ในหีบมีเหรียญทอง
440,骨, gǔ,骨头,gǔ tóu,กระดูก,小狗在啃骨头,xiǎo gǒu zài kěn gǔ tou,ลูกสุนัขกำลังแทะกระดูก
441,帆,fān,帆船,fān chuán,เรือใบ,海上有一艘白色的帆船。,hǎi shàng yǒu yī sōu bái sè de fān chuán,ในทะเลมีเรือใบสีขาวลำหนึ่ง
442,游,yóu,游泳,yóu yǒng,ว่ายน้ำ,夏天我喜欢去游泳。,xià tiān wǒ xǐ huān qù yóu yǒng,ฤดูร้อนฉันชอบไปว่ายน้ำ
443,冲,chōng,冲水,chōng shuǐ,ราดน้ำ / ฉีดน้ำ,上完厕所要记得冲水。,shàng wán cè suǒ yào jì de chōng shuǐ,เข้าห้องน้ำเสร็จต้องจำไว้ว่าต้องกดน้ำ
444,划,huá,划开,huá kāi,กรีดออก / ทำให้ขาดออก,他用小刀把纸盒划开。,tā yòng xiǎo dāo bà zhǐ hé huà kāi,เขาใช้มีดเล็กกรีดกล่องกระดาษให้เปิดออก
445,钓,diào,钓鱼,diào yú,ตกปลา,爷爷带我去河边钓鱼。,yé yé dài wǒ qù hé biān diào yú,คุณปู่พาฉันไปตกปลาที่ริมแม่น้ำ
446,钩,gōu,鱼钩,yú gōu,เบ็ดตกปลา,鱼钩上挂着一条小鱼。,yú gōu shàng guà zhe yī tiáo xiǎo yú,ที่เบ็ดมีปลาตัวเล็กติดอยู่หนึ่งตัว
447,篮,lán,篮子,lán zi,ตะกร้า,妈妈用篮子装了很多水果。,mā mā yòng lán zi zhuāng le hěn duō shuǐ guǒ,แม่ใช้ตะกร้าใส่ผลไม้ไว้มากมาย
448,网,wǎng,渔网,yú wǎng,อวน / แห,渔夫把渔网撒进大海里。,yú fū bǎ yú wǎng sā jìn dà hǎi lǐ,ชาวประมงเหวี่ยงแหลงไปในทะเล
449,最,zuì,最长,zuì cháng,ยาวที่สุด,长江是中国最长的河。,cháng jiāng shì zhōng guó zuì zhǎng de hé,แม่น้ำแยงซีเป็นแม่น้ำที่ยาวที่สุดของจีน
450,得,dé,得到,dé dào,ได้รับ,他考了第一名，得到了奖品。,"tā kǎo le dì yì míng, dé dào le jiǎng pǐn",เขาสอบได้ที่หนึ่ง จึงได้รับรางวัล
451,梦,mèng,梦乡,mèng xiāng,แดนชวนฝัน / นิทรา,小宝宝甜甜地进入了梦乡。,xiǎo bǎo bǎo tián tián dì jìn rù le mèng xiāng,เด็กน้อยหลับใหลเข้าสู่ห้วงนิทราอย่างมีความสุข
452,森,sēn,森林,sēn lín,ป่าไม้,森林里住着很多小动物。,sēn lín lǐ zhù zhe hěn duō xiǎo dòng wù,ในป่ามีสัตว์น้อยอาศัยอยู่มากมาย
453,植,zhí,植树,zhí shù,ปลูกต้นไม้,春天我们一起去山上植树。,chūn tiān wǒ men yì qǐ qù shān shàng zhí shù,ฤดูใบไม้ผลิพวกเราไปปลูกต้นไม้บนภูเขาด้วยกัน
454,树,shù,树木,shù mù,ต้นไม้,公园里种着许多高大的树木。,gōng yuán lǐ zhǒng zhe xǔ duō gāo dà de shù mù,ในสวนสาธารณะปลูกต้นไม้สูงใหญ่ไว้มากมาย
455,泥,ní,泥泞,ní nìng,โคลนตม,下雨后，小路变得很泥泞。,"xià yǔ hòu, xiǎo lù biàn dé hěn ní nìng",หลังฝนตก ทางเล็ก ๆ กลายเป็นโคลนเลอะเทอะ
456,春,chūn,春天,chūn tiān,ฤดูใบไม้ผลิ,春天到了，花儿都开了。,"chūn tiān dào le, huā ér dōu kāi le",ฤดูใบไม้ผลิมาถึง ดอกไม้ก็บานสะพรั่ง
457,夏,xià,夏天,xià tiān,ฤดูร้อน,夏天天气很热，要多喝水。,"xià tiān tiān qì hěn rè, yào duō hē shuǐ",ฤดูร้อนอากาศร้อนมาก ต้องดื่มน้ำเยอะ ๆ
458,秋,qiū,秋天,qiū tiān,ฤดูใบไม้ร่วง,秋天到了，树叶变黄了。,"qiū tiān dào le, shù yè biàn huáng le",ฤดูใบไม้ร่วงมาถึง ใบไม้เปลี่ยนเป็นสีเหลือง
459,冬,dōng,冬天,dōng tiān,ฤดูหนาว,冬天很冷，要穿厚衣服。,"dōng tiān hěn lěng, yào chuān hòu yī fú",ฤดูหนาวหนาวมาก ต้องใส่เสื้อผ้าหนา ๆ
460,季,jì,四季,sì jì,สี่ฤดู,一年有春夏秋冬四季。,yī nián yǒu chūn xià qiū dōng sì jì,หนึ่งปีมีสี่ฤดู คือใบไม้ผลิ ร้อน ใบไม้ร่วง และหนาว
461,熊,xióng,狗熊,gǒu xióng,หมี,狗熊冬天躲在洞里睡觉。,gǒu xióng dōng tiān duǒ zài dòng lǐ shuì jiào,หมีหลบนอนอยู่ในถ้ำช่วงฤดูหนาว
462,猴,hóu,猴子,hóu zi,ลิง,猴子最爱吃香蕉。,hóu zi zuì ài chī xiāng jiāo,ลิงชอบกินกล้วยที่สุด
463,鹿,lù,小鹿,xiǎo lù,กวางน้อย,小鹿在草地上快乐地跑着。,xiǎo lù zài cǎo dì shàng kuài lè dì pǎo zhe,กวางน้อยวิ่งเล่นอย่างมีความสุขบนสนามหญ้า
464,虎,hǔ,老虎,lǎo hǔ,เสือ,老虎是森林里的大王。,lǎo hǔ shì sēn lín lǐ de dà wáng,เสือเป็นเจ้าป่า
465,狮,shī,狮子,shī zi,สิงโต,狮子大声地吼叫。,shī zi dà shēng dì hǒu jiào,สิงโตคำรามเสียงดัง
466,狐,hú,狐狸,hú li,สุนัขจิ้งจอก,狐狸是一种很聪明的动物。,hú lí shì yī zhǒng hěn cōng míng de dòng wù,สุนัขจิ้งจอกเป็นสัตว์ที่ฉลาดมาก
467,狸,lí,河狸,hé lí,บีเวอร์,河狸用木头筑起了水坝。,hé lí yòng mù tou zhù qǐ le shuǐ bà,บีเวอร์ใช้ท่อนไม้สร้างเขื่อน
468,狼,láng,大灰狼,dà huī láng,หมาป่าสีเทา,大灰狼想吃掉小羊。,dà huī láng xiǎng chī diào xiǎo yáng,หมาป่าสีเทาอยากกินแกะน้อย
469,现,xiàn,出现,chū xiàn,ปรากฏขึ้น,雨后天空出现了彩虹。,yǔ hòu tiān kōng chū xiàn le cǎi hóng,หลังฝนตก ท้องฟ้าปรากฏสายรุ้งขึ้นมา
470,总,zǒng,总是,zǒng shì,เสมอ,他总是第一个到学校。,tā zǒng shì dì yí gè dào xué xiào,เขามาถึงโรงเรียนเป็นคนแรกเสมอ
471,跟,gēn,跟着,gēn zhe,ตาม,小鸭子跟着妈妈走。,xiǎo yā zi gēn zhe mā mā zǒu,ลูกเป็ดเดินตามแม่ไป
472,柳,liǔ,柳树,liǔ shù,ต้นหลิว,河边的柳树长出了嫩芽。,hé biān de liǔ shù zhǎng chū le nèn yá,ต้นหลิวริมแม่น้ำแตกหน่ออ่อนออกมา
473,芽,yá,发芽,fā yá,งอก / แตกหน่อ,春天，种子开始发芽了。,"chūn tiān, zhǒng zi kāi shǐ fā yá le",ฤดูใบไม้ผลิ เมล็ดพืชเริ่มงอกหน่อ
474,蚯,qiū,蚯蚓,qiū yǐn,ไส้เดือน,雨后，蚯蚓爬到了地面上。,"yǔ hòu, qiū yǐn pá dào le dì miàn shàng",หลังฝนตก ไส้เดือนคลานขึ้นมาบนพื้นดิน
475,蚓,yǐn,蚯蚓,qiū yǐn,ไส้เดือน,蚯蚓能让泥土变得松软。,qiū yǐn néng ràng ní tǔ biàn dé sōng ruǎn,ไส้เดือนช่วยให้ดินร่วนซุย
476,蝴,hú,蝴蝶,hú dié,ผีเสื้อ,花园里有一只美丽的蝴蝶。,huā yuán lǐ yǒu yī zhī měi lì de hú dié,ในสวนมีผีเสื้อสวยงามตัวหนึ่ง
477,蝶,dié,蝴蝶,hú dié,ผีเสื้อ,蝴蝶在花丛中飞来飞去。,hú dié zài huā cóng zhōng fēi lái fēi qù,ผีเสื้อบินไปบินมาอยู่ในดงดอกไม้
478,燕,yàn,燕子,yàn zi,นกนางแอ่น,春天到了，燕子飞回来了。,"chūn tiān dào le, yàn zi fēi huí lái le",ฤดูใบไม้ผลิมาถึง นกนางแอ่นบินกลับมา
479,蜜,mì,蜜蜂,mì fēng,ผึ้ง,蜜蜂在花上采蜜。,mì fēng zài huā shàng cǎi mì,ผึ้งเก็บน้ำหวานอยู่บนดอกไม้
480,蜂,fēng,蜜蜂,mì fēng,ผึ้ง,一群蜜蜂飞进了花园。,yī qún mì fēng fēi jìn le huā yuán,ฝูงผึ้งบินเข้ามาในสวน
481,民,mín,农民,nóng mín,ชาวนา,农民在田里辛苦地工作。,nóng mín zài tián lǐ xīn kǔ dì gōng zuò,ชาวนาทำงานอย่างหนักอยู่ในนา
482,种,zhòng,种树,zhòng shù,ปลูกต้นไม้,我们要多种树，保护环境。,"wǒ men yào duō zhòng shù, bǎo hù huán jìng",เราต้องปลูกต้นไม้เยอะ ๆ เพื่อรักษาสิ่งแวดล้อม
483,翻,fān,翻开,fān kāi,เปิด,请翻开书本第一页。,qǐng fān kāi shū běn dì yī yè,กรุณาเปิดหนังสือหน้าแรก
484,浇,jiāo,浇水,jiāo shuǐ,รดน้ำ,每天早上我都给花浇水。,měi tiān zǎo shàng wǒ dōu gěi huā jiāo shuǐ,ทุกเช้าฉันรดน้ำต้นไม้
485,肥,féi,肥胖,féi pàng,อ้วน,吃太多甜食容易变得肥胖。,chī tài duō tián shí róng yì biàn dé féi pàng,กินของหวานมากเกินไปทำให้อ้วนได้ง่าย
486,施,shī,施肥,shī féi,ใส่ปุ๋ย,农民给庄稼施肥。,nóng mín gěi zhuāng jià shī féi,ชาวนาใส่ปุ๋ยให้พืชผล
487,除,chú,除草,chú cǎo,ถอนหญ้า,爷爷在田里除草。,yé yé zài tián lǐ chú cǎo,คุณปู่ถอนหญ้าอยู่ในนา
488,杀,shā,杀虫,shā chóng,กำจัดแมลง,这种药水可以杀虫。,zhè zhǒng yào shuǐ kě yǐ shā chóng,น้ำยาชนิดนี้ใช้กำจัดแมลงได้
489,如,rú,如果,rú guǒ,ถ้า,如果明天不下雨，我们就去公园。,"rú guǒ míng tiān bù xià yǔ, wǒ men jiù qù gōng yuán",ถ้าพรุ่งนี้ฝนไม่ตก พวกเราจะไปสวนสาธารณะ
490,再,zài,再见,zài jiàn,ลาก่อน,下课了，老师对我们说再见。,"xià kè le, lǎo shī duì wǒ men shuō zài jiàn",เลิกเรียนแล้ว ครูบอกลาพวกเรา
491,荷,hé,荷花,hé huā,ดอกบัว,池塘里开满了粉红色的荷花。,chí táng lǐ kāi mǎn le fěn hóng sè de hé huā,ในสระบัวบานเต็มไปด้วยดอกบัวสีชมพู
492,蝌,kē,蝌蚪,kē dǒu,ลูกอ๊อด,小蝌蚪在水里游来游去。,xiǎo kē dǒu zài shuǐ lǐ yóu lái yóu qù,ลูกอ๊อดว่ายไปว่ายมาอยู่ในน้ำ
493,蚪,dǒu,蝌蚪,kē dǒu,ลูกอ๊อด,小蝌蚪长大后会变成青蛙。,xiǎo kē dǒu zhǎng dà hòu huì biàn chéng qīng wā,ลูกอ๊อดโตขึ้นจะกลายเป็นกบ
494,蛙,wā,青蛙,qīng wā,กบ,青蛙蹲在荷叶上叫。,qīng wā dūn zài hé yè shàng jiào,กบนั่งร้องอยู่บนใบบัว
495,露,lù,露珠,lù zhū,หยดน้ำค้าง,清晨，叶子上有晶莹的露珠。,"qīng chén, yè zi shàng yǒu jīng yíng de lù zhū",ยามเช้า บนใบไม้มีหยดน้ำค้างใสแวววาว
496,蜻,qīng,蜻蜓,qīng tíng,แมลงปอ,下雨前，蜻蜓飞得很低。,"xià yǔ qián, qīng tíng fēi dé hěn dī",ก่อนฝนตก แมลงปอบินต่ำ
497,蜓,tíng,蜻蜓,qīng tíng,แมลงปอ,一只蜻蜓停在荷叶上。,yī zhī qīng tíng tíng zài hé yè shàng,แมลงปอตัวหนึ่งเกาะอยู่บนใบบัว
498,蝉,chán,蝉鸣,chán míng,เสียงจักจั่น,夏天的午后，到处是蝉鸣。,"xià tiān de wǔ hòu, dào chù shì chán míng",ยามบ่ายฤดูร้อน เต็มไปด้วยเสียงจักจั่น
499,声,shēng,声音,shēng yīn,เสียง,我听见了奇怪的声音。,wǒ tīng jiàn le qí guài de shēng yīn,ฉันได้ยินเสียงประหลาด
500,音,yīn,音乐,yīn yuè,ดนตรี,我喜欢一边画画一边听音乐。,wǒ xǐ huān yī biān huà huà yī biān tīng yīn yuè,ฉันชอบวาดรูปไปฟังเพลงไป
501,晨,chén,早晨,zǎo chén,ตอนเช้า,早晨，要带着好心情开始新的一天,"zǎo chén, yào dài zhe hǎo xīn qíng kāi shǐ xīn de yī tiān",เช้าแล้ว ควรเริ่มต้นวันใหม่ด้วยอารมณ์ที่ดี
502,朝,zhāo,朝阳,zhāo yáng,ดวงอาทิตย์ยามเช้า,火红的朝阳从海边慢慢升了起来,huǒ hóng de zhāo yáng cóng hǎi biān màn màn shēng le qǐ lái,ดวงอาทิตย์ยามเช้าสีแดงสดค่อย ๆ ลอยขึ้นจากริมทะเล
503,夕,xī,夕阳,xī yáng,ดวงอาทิตย์ยามเย็น,爷爷和奶奶在夕阳下走着,yé yé hé nǎi nǎi zài xī yáng xià zǒu zhe,คุณปู่และคุณย่าเดินอยู่ใต้แสงอาทิตย์ยามเย็น
504,落,luò,落叶,luò yè,ใบไม้ร่วง,秋风吹过，地上的落叶飘了起来,"qiū fēng chuī guò, dì shàng de luò yè piāo le qǐ lái",ลมฤดูใบไม้ร่วงพัดผ่าน ใบไม้ที่ร่วงบนพื้นก็ปลิวขึ้นมา
505,傍,bàng,傍晚,bàng wǎn,ช่วงเย็น,傍晚，爷爷奶奶带我一起去看夕阳,"bàng wǎn, yé yé nǎi nǎi dài wǒ yì qǐ qù kàn xī yáng",ยามเย็น คุณปู่คุณย่าพาฉันไปดูพระอาทิตย์ตกด้วยกัน
506,晚,wǎn,晚上,wǎn shàng,ตอนกลางคืน,晚上，爸爸妈妈下班回家了,"wǎn shàng, bà bà mā mā xià bān huí jiā le",ตอนกลางคืน พ่อแม่เลิกงานกลับบ้านแล้ว
507,彩,cǎi,彩虹,cǎi hóng,สายรุ้ง,雨后，天空出现了一道弯弯的彩虹,"yǔ hòu, tiān kōng chū xiàn le yī dào wān wān de cǎi hóng",หลังฝนตก ท้องฟ้าก็ปรากฏสายรุ้งโค้งงดงาม
508,霞,xiá,晚霞,wǎn xiá,แสงยามเย็น,朝霞不出门，晚霞行千里,"zhāo xiá bù chū mén, wǎn xiá xíng qiān lǐ",ฟ้ายามเช้ามีแสงแดงไม่ควรออกจากบ้าน ฟ้ายามเย็นมีแสงแดงเดินทางได้ไกล
509,追,zhuī,追赶,zhuī gǎn,ไล่ตาม,我加快脚步追赶前面的大部队,wǒ jiā kuài jiǎo bù zhuī gǎn qián miàn de dà bù duì,ฉันเร่งฝีเท้าเพื่อไล่ตามกลุ่มคนด้านหน้า
510,能,néng,能够,néng gòu,สามารถ,飞船能够飞到月亮上去,fēi chuán néng gòu fēi dào yuè liàng shàng qù,ยานอวกาศสามารถบินไปถึงดวงจันทร์ได้
511,送,sòng,送给,sòng gěi,ให้,我送给好朋友一个生日礼物,wǒ sòng gěi hǎo péng yǒu yí gè shēng rì lǐ wù,ฉันมอบของขวัญวันเกิดให้เพื่อนสนิท
512,过,guò,过马路,guò mǎ lù,ข้ามถนน,过马路时一定要注意安全,guò mǎ lù shí yí dìng yào zhù yì ān quán,ข้ามถนนต้องระมัดระวังความปลอดภัยเสมอ
513,节,jié,节日,jié rì,วันเทศกาล,六一儿童节是孩子们的节日,liù yī ér tóng jié shì hái zi men de jié rì,วันเด็กเป็นวันของเด็ก ๆ
514,铃,líng,铃声,líng shēng,เสียงกระดิ่ง,下课铃声一响，他就冲出了教室,"xià kè líng shēng yī xiǎng, tā jiù chōng chū le jiào shì",ทันทีที่เสียงกริ่งเลิกเรียนดัง เขาก็วิ่งออกจากห้องเรียน
515,纸,zhǐ,纸巾,zhǐ jīn,กระดาษทิชชู่,家里的纸巾用完了，该买了,"jiā lǐ de zhǐ jīn yòng wán le, gāi mǎi le",กระดาษทิชชู่ที่บ้านใช้หมดแล้ว ควรไปซื้อใหม่
516,烟,yān,烟火,yān huǒ,ดอกไม้ไฟ,小女孩望着窗外的烟火非常开心,xiǎo nǚ hái wàng zhe chuāng wài de yān huǒ fēi cháng kāi xīn,เด็กผู้หญิงมองดอกไม้ไฟนอกหน้าต่างอย่างมีความสุขมาก
517,礼,lǐ,行礼,xíng lǐ,คำนับ,古代的小孩见了大人要行礼,gǔ dài de xiǎo hái jiàn le dà rén yào xíng lǐ,เด็กในสมัยโบราณเมื่อพบผู้ใหญ่ต้องคำนับ
518,蛋,dàn,鸡蛋,jī dàn,ไข่,小鸡宝宝是从鸡蛋中出来的,xiǎo jī bǎo bǎo shì cóng jī dàn zhōng chū lái de,ลูกเจี๊ยบฟักออกมาจากไข่
519,娃,wá,娃娃,wá wa,ตุ๊กตา,我有一个泥娃娃，她从来不说话,"wǒ yǒu yí gè ní wá wá, tā cóng lái bù shuō huà",ฉันมีตุ๊กตาดินตัวหนึ่ง เธอไม่เคยพูดเลย
520,糕,gāo,蛋糕,dàn gāo,เค้ก,蛋糕真好看，我都舍不得吃了,"dàn gāo zhēn hǎo kàn, wǒ dōu shě bù dé chī le",เค้กสวยมากจนฉันไม่กล้ากิน
521,滴,dī,水滴,shuǐ dī,หยดน้ำ,每个人都像大海中的一颗水滴,měi gè rén dōu xiàng dà hǎi zhōng de yī kē shuǐ dī,ทุกคนก็เหมือนหยดน้ำหนึ่งหยดในทะเล
522,泉,quán,泉水,quán shuǐ,น้ำพุ,山上的洞口有泉水流了出来,shān shàng de dòng kǒu yǒu quán shuǐ liú le chū lái,ปากถ้ำบนภูเขามีน้ำพุไหลออกมา
523,溪,xī,小溪,xiǎo xī,ลำธารเล็ก,一条小溪从我家门前静静地流过,yī tiáo xiǎo xī cóng wǒ jiā mén qián jìng jìng dì liú guò,ลำธารสายหนึ่งไหลผ่านหน้าบ้านฉันอย่างเงียบสงบ
524,洼,wā,水洼,shuǐ wā,แอ่งน้ำ,大雨过后，地上积了很多小水洼,"dà yǔ guò hòu, dì shàng jī le hěn duō xiǎo shuǐ wā",หลังฝนตกหนัก พื้นดินมีแอ่งน้ำเล็ก ๆ มากมาย
525,江,jiāng,长江,cháng jiāng,แม่น้ำแยงซี,长江是中国第一长河,cháng jiāng shì zhōng guó dì yī cháng hé,แม่น้ำแยงซีเป็นแม่น้ำที่ยาวที่สุดของจีน
526,河,hé,河水,hé shuǐ,น้ำในแม่น้ำ,河水从上游一直往下流,hé shuǐ cóng shàng yóu yì zhí wǎng xià liú,น้ำในแม่น้ำไหลจากต้นน้ำลงสู่ปลายน้ำ
527,湖,hú,湖水,hú shuǐ,น้ำในทะเลสาบ,湖水中能看到一轮弯弯的月亮,hú shuǐ zhōng néng kàn dào yī lún wān wān de yuè liàng,ในน้ำของทะเลสาบสามารถมองเห็นพระจันทร์เสี้ยว
528,清,qīng,清水,qīng shuǐ,น้ำใส,把小金鱼放在清水里吧,bǎ xiǎo jīn yú fàng zài qīng shuǐ lǐ ba,เอาปลาทองตัวเล็กใส่ลงในน้ำสะอาดเถอะ
529,神,shén,神仙,shén xiān,เทพ,一位老神仙正在准备施展法术,yī wèi lǎo shén xiān zhèng zài zhǔn bèi shī zhǎn fǎ shù,เซียนชราคนหนึ่งกำลังเตรียมแสดงเวทมนตร์
530,奇,qí,奇怪,qí guài,แปลกประหลาด,这只老虎没有尾巴，真奇怪,"zhè zhǐ lǎo hǔ méi yǒu wěi ba, zhēn qí guài",เสือตัวนี้ไม่มีหาง แปลกจริง ๆ
531,求,qiú,求救,qiú jiù,ขอความช่วยเหลือ,遇到坏人时要向周围的人求救,yù dào huài rén shí yào xiàng zhōu wéi de rén qiú jiù,เมื่อเจอคนร้ายต้องขอความช่วยเหลือจากคนรอบข้าง
532,棵,kē,一棵,yī kē,หนึ่งต้น,前面有两棵树，其中一棵是果树,"qián miàn yǒu liǎng kē shù, qí zhōng yī kē shì guǒ shù",ข้างหน้ามีต้นไม้สองต้น หนึ่งในนั้นเป็นต้นไม้ผล
533,根,gēn,树根,shù gēn,รากไม้,一棵大树有树根、树干、树枝和树叶,"yī kē dà shù yǒu shù gēn, shù gàn, shù zhī hé shù yè",ต้นไม้ใหญ่ต้นหนึ่งมีราก ลำต้น กิ่ง และใบ
534,树,shù,树枝,shù zhī,กิ่งไม้,秋天，树上的果子把树枝压弯了,"qiū tiān, shù shàng de guǒ zi bǎ shù zhī yā wān le",ฤดูใบไม้ร่วง ผลไม้บนต้นทำให้กิ่งโค้งงอ
535,枯,kū,干枯,gān kū,แห้งเหี่ยว,一棵千年古树干枯了，真可惜,"yī kē qiān nián gǔ shù gàn kū le, zhēn kě xī",ต้นไม้โบราณอายุพันปีต้นหนึ่งแห้งตาย น่าเสียดายจริง ๆ
536,羊,yáng,羊皮,yáng pí,หนังแกะ,一只狼穿了一件羊皮大衣,yī zhī láng chuān le yī jiàn yáng pí dà yī,หมาป่าตัวหนึ่งสวมเสื้อขนแกะ
537,啄,zhuó,啄木鸟,zhuó mù niǎo,นกหัวขวาน,一只啄木鸟正在给大树捉虫子,yī zhī zhuó mù niǎo zhèng zài gěi dà shù zhuō chóng zi,นกหัวขวานตัวหนึ่งกำลังจับแมลงให้ต้นไม้ใหญ่
538,乌,wū,乌鸦,wū yā,อีกา,一群乌鸦成群结队地飞过树林,yī qún wū yā chéng qún jié duì dì fēi guò shù lín,ฝูงอีกาบินเป็นกลุ่มผ่านป่า
539,松,sōng,松树,sōng shù,ต้นสน,松树一年四季都是绿色的,sōng shù yī nián sì jì dōu shì lǜ sè de,ต้นสนเขียวตลอดทั้งสี่ฤดู
540,生,shēng,生活,shēng huó,ชีวิต,人们都向往着美好的生活,rén men dōu xiàng wǎng zhe měi hǎo de shēng huó,ผู้คนต่างใฝ่ฝันถึงชีวิตที่ดีงาม
541,历,lì,日历,rì lì,ปฏิทิน,他把这个月重要的事记在了日历上,tā bǎ zhè ge yuè zhòng yào de shì jì zài le rì lì shàng,เขาจดเรื่องสำคัญของเดือนนี้ไว้ในปฏิทิน
542,期,qī,日期,rì qī,วันที่,大家一定要记好活动的日期和时间,dà jiā yí dìng yào jì hǎo huó dòng de rì qī hé shí jiān,ทุกคนต้องจำวันและเวลาของกิจกรรมให้ดี
543,昨,zuó,昨天,zuó tiān,เมื่อวาน,昨天的天气热得人哪儿也不想去,zuó tiān de tiān qì rè dé rén nǎ ér yě bù xiǎng qù,เมื่อวานอากาศร้อนมากจนไม่อยากไปไหนเลย
544,新,xīn,新年,xīn nián,ปีใหม่,新年到，穿新衣，小朋友们哈哈笑,"xīn nián dào, chuān xīn yī, xiǎo péng yǒu men hā hā xiào",ปีใหม่มาถึง ใส่เสื้อผ้าใหม่ เด็ก ๆ หัวเราะอย่างมีความสุข
545,过,guò,过年,guò nián,ฉลองปีใหม่,过年了，我和家人吃了很多好吃的,"guò nián le, wǒ hé jiā rén chī le hěn duō hǎo chī de",ถึงเทศกาลปีใหม่ ฉันและครอบครัวกินของอร่อยมากมาย
546,表,biǎo,手表,shǒu biǎo,นาฬิกาข้อมือ,她捡到一块手表，把它还给了主人,"tā jiǎn dào yī kuài shǒu biǎo, bǎ tā huán gěi le zhǔ rén",เธอเก็บได้นาฬิกาเรือนหนึ่งแล้วนำไปคืนเจ้าของ
547,时,shí,时间,shí jiān,เวลา,时间一天天过得真快,shí jiān yī tiān tiān guò dé zhēn kuài,เวลาผ่านไปเร็วจริง ๆ
548,数,shù,数一数,shǔ yī shǔ,นับดู,数一数，五星红旗上有几颗星星,"shù yī shù, wǔ xīng hóng qí shàng yǒu jǐ kē xīng xīng",ลองนับดูสิ บนธงชาติแดงมีดาวกี่ดวง
549,写,xiě,写字,xiě zì,เขียนตัวอักษร,孩子在屋里认真地学习写字呢,hái zi zài wū lǐ rèn zhēn dì xué xí xiě zì ne,เด็กกำลังตั้งใจฝึกเขียนหนังสืออยู่ในห้อง
550,久,jiǔ,久远,jiǔ yuǎn,ยาวนาน,这个房子年代久远，有些破旧了,"zhè ge fáng zi nián dài jiǔ yuǎn, yǒu xiē pò jiù le",บ้านหลังนี้เก่าแก่มาก ดูทรุดโทรมไปบ้าง
551,响,xiǎng,音响,yīn xiǎng,เครื่องเสียง,那家电影院的音响真不错,nà jiā diàn yǐng yuàn de yīn xiǎng zhēn bù cuò,โรงภาพยนตร์แห่งนั้นระบบเสียงดีจริง ๆ
552,听,tīng,听见,tīng jiàn,ได้ยิน,我听见树上有小鸟的叫声,wǒ tīng jiàn shù shàng yǒu xiǎo niǎo de jiào shēng,ฉันได้ยินเสียงนกร้องบนต้นไม้
553,叫,jiào,叫声,jiào shēng,เสียงร้อง,树林里经常能听到小鸟的叫声,shù lín lǐ jīng cháng néng tīng dào xiǎo niǎo de jiào shēng,ในป่ามักจะได้ยินเสียงนกร้องเสมอ
554,吸,xī,吸气,xī qì,สูดลมหายใจ,在困难面前要乐观，不要总吸气,"zài kùn nán miàn qián yào lè guān, bú yào zǒng xī qì",เมื่อเผชิญกับความยากลำบากต้องมองโลกในแง่ดี อย่าท้อแท้
555,喊,hǎn,叫喊,jiào hǎn,ตะโกน,我们在公共场合不要大声叫喊,wǒ men zài gōng gòng chǎng hé bú yào dà shēng jiào hǎn,ในที่สาธารณะไม่ควรตะโกนเสียงดัง
556,欠,qiàn,哈欠,hā qiàn,หาว,他困了，打了一个大大的哈欠,"tā kùn le, dǎ le yí gè dà dà de hā qiàn",เขาง่วงแล้ว หาวออกมาครั้งใหญ่
557,吸,xī,吸管,xī guǎn,หลอดดูด,这个瓶口太小了，用吸管喝容易些,"zhè ge píng kǒu tài xiǎo le, yòng xī guǎn hē róng yì xiē",ปากขวดนี้เล็กเกินไป ใช้หลอดดูดจะดื่มง่ายกว่า
558,呼,hū,呼唤,hū huàn,เรียก,他在山谷里大声呼唤着同伴的名字,tā zài shān gǔ lǐ dà shēng hū huàn zhe tóng bàn de míng zì,เขาตะโกนเรียกชื่อเพื่อนร่วมทางในหุบเขาเสียงดัง
559,说,shuō,说话,shuō huà,พูด,宝宝一岁了，还不会说话,"bǎo bǎo yī suì le, hái bú huì shuō huà",เด็กน้อยอายุหนึ่งขวบแล้วยังพูดไม่ได้
560,话,huà,说话,shuō huà,พูด,在公共场合不要大声说话,zài gōng gòng chǎng hé bú yào dà shēng shuō huà,ในที่สาธารณะไม่ควรพูดเสียงดัง
561,坡,pō,土坡,tǔ pō,เนินดิน,一只大灰狼正趴在土坡上等着小羊,yī zhī dà huī láng zhèng pā zài tǔ pō shàng děng zhe xiǎo yáng,หมาป่าสีเทาตัวใหญ่กำลังหมอบรอแกะอยู่บนเนินดิน
562,注,zhù,注意,zhù yì,ระวัง,用完水要注意及时关闭水龙头,yòng wán shuǐ yào zhù yì jí shí guān bì shuǐ lóng tóu,ใช้เสร็จแล้วอย่าลืมปิดก๊อกน้ำให้สนิท
563,意,yì,意思,yì si,ความหมาย,我不太明白这句话的意思,wǒ bù tài míng bái zhè jù huà de yì si,ฉันยังไม่ค่อยเข้าใจความหมายของประโยคนี้
564,走,zǒu,走路,zǒu lù,เดิน,公园很近，可以走路去,"gōng yuán hěn jìn, kě yǐ zǒu lù qù",สวนสาธารณะอยู่ใกล้ สามารถเดินไปได้
565,停,tíng,停车,tíng chē,จอดรถ,车位满了，换个地方停车吧,"chē wèi mǎn le, huàn gè dì fāng tíng chē ba",ที่จอดรถเต็มแล้ว ไปจอดที่อื่นเถอะ
566,辆,liàng,车辆,chē liàng,ยานพาหนะ,这条路上很少有车辆来往,zhè tiáo lù shàng hěn shǎo yǒu chē liàng lái wǎng,ถนนสายนี้แทบไม่มีรถผ่านไปมา
567,道,dào,道路,dào lù,ถนน,人生的道路上会遇见很多困难,rén shēng de dào lù shàng huì yù jiàn hěn duō kùn nán,บนเส้นทางชีวิตจะต้องพบกับอุปสรรคมากมาย
568,直,zhí,笔直,bǐ zhí,ตรง,一座大楼笔直地立在城市中心,yī zuò dà lóu bǐ zhí dì lì zài chéng shì zhōng xīn,ตึกสูงหลังหนึ่งตั้งตระหง่านอยู่กลางเมือง
569,定,dìng,定住,dìng zhù,ตรึงไว้,这个木头人定住了，不能动了,"zhè ge mù tou rén dìng zhù le, bù néng dòng le",หุ่นไม้ตัวนี้หยุดนิ่ง ขยับไม่ได้แล้ว
570,幸,xìng,幸运,xìng yùn,โชคดี,希望幸运之神光顾世界上每一个人,xī wàng xìng yùn zhī shén guāng gù shì jiè shàng měi yí gè rén,หวังว่าเทพเจ้าแห่งโชคดีจะมาเยือนทุกคนบนโลก
571,影,yǐng,影子,yǐng zi,เงา,影子的长短随着太阳的位置而变化,yǐng zi de cháng duǎn suí zhe tài yáng de wèi zhì ér biàn huà,ความยาวของเงาเปลี่ยนไปตามตำแหน่งของดวงอาทิตย์
572,样,yàng,样子,yàng zi,ลักษณะ,这个木头玩具是一只小羊的样子,zhè ge mù tou wán jù shì yī zhī xiǎo yáng de yàng zi,ของเล่นไม้ชิ้นนี้มีรูปร่างเป็นลูกแกะตัวเล็ก
573,边,biān,外边,wài biān,ด้านนอก,今天天气很好，去外边玩吧,"jīn tiān tiān qì hěn hǎo, qù wài biān wán ba",วันนี้อากาศดีมาก ออกไปเล่นข้างนอกกันเถอะ
574,外,wài,门外,mén wài,นอกประตู,小白兔把大灰狼关在了门外,xiǎo bái tù bǎ dà huī láng guān zài le mén wài,กระต่ายขาวขังหมาป่าสีเทาไว้ข้างนอกประตู
575,远,yuǎn,远方,yuǎn fāng,ที่ไกล,有一天，我要去远方看看,"yǒu yī tiān, wǒ yào qù yuǎn fāng kàn kàn",สักวันหนึ่งฉันจะไปดูโลกกว้างไกล
576,走,zǒu,走近,zǒu jìn,เดินเข้าใกล้,有人走近时，小鸟就飞走了,"yǒu rén zǒu jìn shí, xiǎo niǎo jiù fēi zǒu le",เมื่อมีคนเข้าใกล้ นกก็จะบินหนีไป
577,左,zuǒ,左手,zuǒ shǒu,มือซ้าย,用左手吃饭的人不太多,yòng zuǒ shǒu chī fàn de rén bù tài duō,คนที่ใช้มือซ้ายกินข้าวมีไม่มาก
578,右,yòu,右手,yòu shǒu,มือขวา,左手和右手，两个好朋友,"zuǒ shǒu hé yòu shǒu, liǎng gè hǎo péng yǒu",มือซ้ายและมือขวาเป็นเพื่อนที่ดีต่อกัน
579,前,qián,前面,qián miàn,ด้านหน้า,爷爷家前面有一棵果树,yé yé jiā qián miàn yǒu yī kē guǒ shù,หน้าบ้านคุณปู่มีต้นไม้ผลต้นหนึ่ง
580,后,hòu,后面,hòu miàn,ด้านหลัง,一只小猫在门后面吃东西,yī zhī xiǎo māo zài mén hòu miàn chī dōng xī,ลูกแมวตัวหนึ่งกำลังกินอาหารอยู่หลังประตู
581,蜘,zhī,蜘蛛,zhī zhū,แมงมุม,一只蜘蛛在树上织了一张很大的网,yī zhī zhī zhū zài shù shàng zhī le yī zhāng hěn dà de wǎng,แมงมุมตัวหนึ่งชักใยขนาดใหญ่บนต้นไม้
582,蛛,zhū,蜘蛛,zhī zhū,แมงมุม,蜘蛛白天在蜘蛛网上睡觉,zhī zhū bái tiān zài zhī zhū wǎng shàng shuì jiào,แมงมุมนอนหลับอยู่บนใยในเวลากลางวัน
583,蚊,wén,蚊子,wén zi,ยุง,窗户没关好，屋里进了很多蚊子,"chuāng hù méi guān hǎo, wū lǐ jìn le hěn duō wén zi",หน้าต่างปิดไม่สนิท ยุงเข้ามาในบ้านมากมาย
584,山,shān,山洞,shān dòng,ถ้ำ,那儿有一个很大的山洞,nà ér yǒu yí gè hěn dà de shān dòng,ที่นั่นมีถ้ำขนาดใหญ่มากแห่งหนึ่ง
585,丝,sī,丝线,sī xiàn,เส้นไหม,纺车上挂着又细又长的丝线,fǎng chē shàng guà zhe yòu xì yòu cháng de sī xiàn,บนหลอดปั่นด้ายแขวนเส้นไหมที่บางและยาว
586,蚂,mǎ,蚂蚁,mǎ yǐ,มด,小蚂蚁们正忙着运送过冬的食物,xiǎo mǎ yǐ men zhèng máng zhe yùn sòng guò dōng de shí wù,มดตัวเล็ก ๆ กำลังขนอาหารเตรียมไว้สำหรับฤดูหนาว
587,蚁,yǐ,蚂蚁,mǎ yǐ,มด,小蚂蚁能举起比自己还重的东西,xiǎo mǎ yǐ néng jǔ qǐ bǐ zì jǐ hái zhòng de dōng xī,มดตัวเล็กสามารถยกของที่หนักกว่าตัวเองได้
588,蛇,shé,小蛇,xiǎo shé,งูตัวเล็ก,小蛇一口吃掉了洞口的小虫子,xiǎo shé yī kǒu chī diào le dòng kǒu de xiǎo chóng zi,งูตัวเล็กกลืนแมลงตรงปากถ้ำในคำเดียว
589,壁,bì,壁虎,bì hǔ,จิ้งจก,看！墙壁上趴着一只小壁虎,kàn qiáng bì shàng pā zhe yī zhī xiǎo bì hǔ,ดูสิ มีจิ้งจกตัวเล็กเกาะอยู่บนผนัง
590,怪,guài,怪物,guài wù,สัตว์ประหลาด,这是从哪里来的小怪物,zhè shì cóng nǎ lǐ lái de xiǎo guài wù,สัตว์ประหลาดตัวเล็กนี้มาจากไหนกัน
591,队,duì,站队,zhàn duì,เข้าแถว,站队时大个子一般站在后面,zhàn duì shí dà gè zi yì bān zhàn zài hòu miàn,เวลาเข้าแถว คนตัวสูงมักจะยืนอยู่ข้างหลัง
592,进,jìn,进去,jìn qù,เข้าไป,前面有口水井，小心不要掉进去,"qián miàn yǒu kǒu shuǐ jǐng, xiǎo xīn bú yào diào jìn qù",ข้างหน้ามีบ่อน้ำ ระวังอย่าตกลงไป
593,铁,tiě,钢铁,gāng tiě,เหล็กกล้า,他们是从战斗中冲杀出的钢铁战士,tā men shì cóng zhàn dòu zhōng chōng shā chū de gāng tiě zhàn shì,พวกเขาเป็นนักรบเหล็กกล้าที่ฝ่าฟันออกมาจากสนามรบ
594,站,zhàn,车站,chē zhàn,สถานี,很多人在公交车站旁边排队等车,hěn duō rén zài gōng jiāo chē zhàn páng biān pái duì děng chē,มีคนจำนวนมากเข้าแถวรอรถอยู่ข้างป้ายรถเมล์
595,入,rù,进入,jìn rù,เข้าไป,她躺在床上，很快就进入了梦乡,"tā tǎng zài chuáng shàng, hěn kuài jiù jìn rù le mèng xiāng",เธอนอนอยู่บนเตียงและหลับไปอย่างรวดเร็ว
596,票,piào,门票,mén piào,ตั๋วเข้า,去公园玩要先买门票,qù gōng yuán wán yào xiān mǎi mén piào,ไปเที่ยวสวนสาธารณะต้องซื้อตั๋วก่อน
597,扶,fú,扶手,fú shǒu,ที่จับ,墙边有一个沙发和几把扶手椅,qiáng biān yǒu yí gè shā fā hé jǐ bǎ fú shǒu yǐ,ข้างกำแพงมีโซฟาหนึ่งตัวและเก้าอี้มีที่วางแขนหลายตัว
598,乘,chéng,乘凉,chéng liáng,นั่งรับลม,两个小朋友坐在大树底下乘凉,liǎng gè xiǎo péng yǒu zuò zài dà shù dǐ xià chéng liáng,เด็กสองคนนั่งพักผ่อนใต้ต้นไม้ใหญ่
599,座,zuò,宝座,bǎo zuò,บัลลังก์,国王坐在自己的宝座上,guó wáng zuò zài zì jǐ de bǎo zuò shàng,กษัตริย์ประทับนั่งบนบัลลังก์ของตน
600,位,wèi,座位,zuò wèi,ที่นั่ง,同学们都在自己的座位上坐好了,tóng xué men dōu zài zì jǐ de zuò wèi shàng zuò hǎo le,นักเรียนทุกคนนั่งประจำที่ของตนเรียบร้อยแล้ว
601,城,chéng,城市,chéng shì,เมือง,北京是一座美丽的城市。,běi jīng shì yī zuò měi lì de chéng shì,ปักกิ่งเป็นเมืองที่สวยงาม
602,向,xiàng,方向,fāng xiàng,ทิศทาง,看！那里是太阳升起的方向。,kàn nà lǐ shì tài yáng shēng qǐ de fāng xiàng,ดูสิ นั่นคือทิศทางที่ดวงอาทิตย์ขึ้น
603,南,nán,南边,nán biān,ด้านทิศใต้,公园南边有一个大广场。,gōng yuán nán biān yǒu yí gè dà guǎng chǎng,ทางทิศใต้ของสวนสาธารณะมีลานกว้างขนาดใหญ่แห่งหนึ่ง
604,北,běi,北极,běi jí,ขั้วโลกเหนือ,我在极地海洋世界认识了北极熊。,wǒ zài jí dì hǎi yáng shì jiè rèn shí le běi jí xióng,ฉันได้รู้จักหมีขั้วโลกที่โลกมหาสมุทรขั้วโลก
605,以,yǐ,可以,kě yǐ,สามารถ,夏天可以穿很凉快的衣服。,xià tiān kě yǐ chuān hěn liáng kuài de yī fú,ฤดูร้อนสามารถสวมเสื้อผ้าที่บางสบายได้
606,图,tú,图画,tú huà,ภาพวาด,大雪后的冬天美得像图画一样。,dà xuě hòu de dōng tiān měi dé xiàng tú huà yī yàng,ฤดูหนาวหลังหิมะตกหนักสวยงามราวกับภาพวาด
607,东,dōng,东边,dōng biān,ด้านทิศตะวันออก,早上，太阳从东边升起。,"zǎo shàng, tài yáng cóng dōng biān shēng qǐ",ตอนเช้า ดวงอาทิตย์ขึ้นจากทางทิศตะวันออก
608,西,xī,西边,xī biān,ด้านทิศตะวันตก,下午，太阳在我们的西边。,"xià wǔ, tài yáng zài wǒ men de xī biān",ตอนบ่าย ดวงอาทิตย์อยู่ทางทิศตะวันตกของพวกเรา
609,邓,dèng,邓老师,dèng lǎo shī,ครูเติ้ง,邓老师是我们班的数学老师。,dèng lǎo shī shì wǒ men bān de shù xué lǎo shī,ครูเติ้งเป็นครูสอนคณิตศาสตร์ของชั้นเรา
610,为,wèi,为了,wèi le,เพื่อ,为了学好游泳，我报了游泳班。,"wèi le xué hǎo yóu yǒng, wǒ bào le yóu yǒng bān",เพื่อให้ว่ายน้ำเก่งขึ้น ฉันจึงสมัครเรียนว่ายน้ำ
611,困,kùn,困住,kùn zhù,ขัดขวางไว้,大雨困住了正要下班回家的人们。,dà yǔ kùn zhù le zhèng yào xià bān huí jiā de rén men,ฝนตกหนักทำให้ผู้คนที่กำลังจะเลิกงานกลับบ้านติดอยู่
612,感,gǎn,感人,gǎn rén,ซาบซึ้งใจ,这个感人的故事被拍成了电影。,zhè ge gǎn rén de gù shì bèi pāi chéng le diàn yǐng,เรื่องราวที่ซาบซึ้งนี้ถูกนำไปสร้างเป็นภาพยนตร์
613,卫,wèi,卫生,wèi shēng,สุขอนามัย,快过年了，我和妈妈一起打扫卫生。,"kuài guò nián le, wǒ hé mā mā yì qǐ dǎ sǎo wèi shēng",ใกล้ถึงตรุษจีนแล้ว ฉันกับแม่ช่วยกันทำความสะอาด
614,悄,qiāo,静悄悄,jìng qiāo qiāo,เงียบสงบ,天黑了，月亮出来了，外面静悄悄的。,"tiān hēi le, yuè liàng chū lái le, wài miàn jìng qiāo qiāo de",ฟ้ามืดแล้ว พระจันทร์ออกมา ข้างนอกเงียบสงบ
615,应,yīng,应该,yīng gāi,ควรจะ,他们应该是在为六一儿童节做准备。,tā men yīng gāi shì zài wèi liù yī ér tóng jié zuò zhǔn bèi,พวกเขาน่าจะกำลังเตรียมงานวันเด็ก
616,象,xiàng,大象,dà xiàng,ช้าง,大象有大大的耳朵，长长的鼻子。,"dà xiàng yǒu dà dà de ěr duǒ, cháng cháng de bí zi",ช้างมีหูใหญ่ ๆ และงวงยาว ๆ
617,器,qì,机器,jī qì,เครื่องจักร,机器可以帮助人们完成很多事情。,jī qì kě yǐ bāng zhù rén men wán chéng hěn duō shì qíng,เครื่องจักรสามารถช่วยผู้คนทำหลายสิ่งให้สำเร็จได้
618,逃,táo,逃走,táo zǒu,หนีไป,看见老虎走来，小羊惊慌地逃走了。,"kàn jiàn lǎo hǔ zǒu lái, xiǎo yáng jīng huāng dì táo zǒu le",เมื่อเห็นเสือเดินมา แกะน้อยก็ตกใจหนีไป
619,吵,chǎo,争吵,zhēng chǎo,ทะเลาะ,两只小猴子为了一根香蕉争吵起来。,liǎng zhǐ xiǎo hóu zi wèi le yī gēn xiāng jiāo zhēng chǎo qǐ lái,ลิงน้อยสองตัวทะเลาะกันเพราะกล้วยลูกหนึ่ง
620,北,běi,北门,běi mén,ประตูเหนือ,我们明天早上在公园北门见面。,wǒ men míng tiān zǎo shàng zài gōng yuán běi mén jiàn miàn,พรุ่งนี้เช้าเรานัดเจอกันที่ประตูเหนือของสวนสาธารณะ
621,因,yīn,因为,yīn wèi,เพราะว่า,他今天没有去学校，因为生病了。,"tā jīn tiān méi yǒu qù xué xiào, yīn wèi shēng bìng le",วันนี้เขาไม่ได้ไปโรงเรียน เพราะป่วย
622,迎,yíng,迎接,yíng jiē,ต้อนรับ,人们弯腰行礼，迎接大王回城。,"rén men wān yāo xíng lǐ, yíng jiē dà wáng huí chéng",ผู้คนก้มตัวคำนับเพื่อต้อนรับกษัตริย์กลับเมือง
623,知,zhī,知识,zhī shí,ความรู้,看书可以让人们学会很多知识。,kàn shū kě yǐ ràng rén men xué huì hěn duō zhī shí,การอ่านหนังสือทำให้ผู้คนได้เรียนรู้ความรู้มากมาย
624,却,què,忘却,wàng què,ลืมเลือน,很多事情是不能忘却的。,hěn duō shì qíng shì bù néng wàng què de,หลายสิ่งหลายอย่างไม่อาจลืมเลือนได้
625,忙,máng,急忙,jí máng,รีบร้อน,爸爸把我送到学校就急忙上班去了。,bà bà bǎ wǒ sòng dào xué xiào jiù jí máng shàng bān qù le,พ่อส่งฉันถึงโรงเรียนแล้วรีบไปทำงาน
626,投,tóu,投篮,tóu lán,โยนลูกบาส,他每次投篮都能把球投进去。,tā měi cì tóu lán dōu néng bǎ qiú tóu jìn qù,เขายิงลูกบาสทุกครั้งก็ลงห่วง
627,思,sī,思念,sī niàn,คิดถึง,海外游子无时无刻不在思念祖国。,hǎi wài yóu zi wú shí wú kè bù zài sī niàn zǔ guó,ชาวจีนในต่างแดนคิดถึงบ้านเกิดตลอดเวลา
628,名,míng,名字,míng zi,ชื่อ,我们都有一个家，名字叫中国。,"wǒ men dōu yǒu yí gè jiā, míng zì jiào zhōng guó",เราทุกคนมีบ้านหนึ่งเดียว ชื่อว่าประเทศจีน
629,片,piàn,照片,zhào piàn,รูปถ่าย,大家出去玩，拍了很多照片。,"dà jiā chū qù wán, pāi le hěn duō zhào piān",ทุกคนออกไปเที่ยวและถ่ายรูปกันมากมาย
630,国,guó,国王,guó wáng,กษัตริย์,国王身上有一块宝玉。,guó wáng shēn shàng yǒu yī kuài bǎo yù,บนร่างกายของกษัตริย์มีหยกชิ้นหนึ่ง
631,作,zuò,作业,zuò yè,การบ้าน,先写完作业，再出去玩。,"xiān xiě wán zuò yè, zài chū qù wán",ทำการบ้านให้เสร็จก่อน แล้วค่อยออกไปเล่น
632,业,yè,作业,zuò yè,การบ้าน,自己的作业要自己完成。,zì jǐ de zuò yè yào zì jǐ wán chéng,การบ้านของตัวเองต้องทำเอง
633,息,xī,休息,xiū xī,พักผ่อน,爸爸妈妈工作了一天，好好休息吧。,"bà bà mā mā gōng zuò le yī tiān, hǎo hǎo xiū xī ba",พ่อแม่ทำงานมาทั้งวัน ควรพักผ่อนให้ดี
634,更,gèng,更好,gèng hǎo,ดีกว่าเดิม,花儿有了阳光才能更好地生长。,huā ér yǒu le yáng guāng cái néng gèng hǎo dì shēng zhǎng,ดอกไม้ต้องมีแสงแดดจึงจะเติบโตได้ดี
635,告,gào,告诉,gào sù,บอก,小牛告诉大家自己的尾巴不见了。,xiǎo niú gào sù dà jiā zì jǐ de wěi ba bú jiàn le,ลูกวัวบอกทุกคนว่าหางของตัวเองหายไป
636,舍,shě,不舍,bù shě,ไม่อยากจาก,妈妈要去上班，宝宝不舍地哭了。,"mā mā yào qù shàng bān, bǎo bǎo bù shě dì kū le",แม่ต้องไปทำงาน เด็กร้องไห้เพราะไม่อยากจาก
637,留,liú,留下,liú xià,ทิ้งไว้,老国王给王子们留下了很多珠宝。,lǎo guó wáng gěi wáng zǐ men liú xià le hěn duō zhū bǎo,กษัตริย์ชราทิ้งเครื่องประดับอัญมณีไว้ให้เจ้าชายมากมาย
638,诉,sù,告诉,gào sù,บอก,爷爷告诉了我很多过去的事。,yé yé gào sù le wǒ hěn duō guò qù de shì,คุณปู่เล่าเรื่องในอดีตให้ฉันฟังหลายเรื่อง
639,赶,gǎn,赶快,gǎn kuài,รีบเร็ว,天黑了，赶快回家吧！,"tiān hēi le, gǎn kuài huí jiā ba",ฟ้ามืดแล้ว รีบกลับบ้านเถอะ
640,塔,tǎ,高塔,gāo tǎ,หอคอยสูง,上海有一座高塔，叫做东方明珠。,"shàng hǎi yǒu yī zuò gāo tǎ, jiào zuò dōng fāng míng zhū",เซี่ยงไฮ้มีหอคอยสูงแห่งหนึ่ง ชื่อว่าหอไข่มุกตะวันออก
641,未,wèi,未来,wèi lái,อนาคต,人人都想有一个美好的未来。,rén rén dōu xiǎng yǒu yí gè měi hǎo de wèi lái,ทุกคนต่างอยากมีอนาคตที่ดี
642,万,wàn,一万,yí wàn,หนึ่งหมื่น,万里长城有一万多里那么长。,wàn lǐ cháng chéng yǒu yī wàn duō lǐ nà me zhǎng,กำแพงเมืองจีนยาวกว่าหนึ่งหมื่นลี้
643,千,qiān,千斤,qiān jīn,หนึ่งพันจิน,这个大力士能举起上千斤的东西。,zhè ge dà lì shì néng jǔ qǐ shàng qiān jīn de dōng xī,นักยกน้ำหนักผู้นี้สามารถยกของหนักหลายพันจินได้
644,领,lǐng,将领,jiāng lǐng,แม่ทัพ,大家都很看好这位青年将领。,dà jiā dōu hěn kàn hǎo zhè wèi qīng nián jiàng lǐng,ทุกคนต่างเชื่อมั่นในแม่ทัพหนุ่มคนนี้
645,结,jié,中国结,zhōng guó jié,ปมจีน,我们一起用红线做个中国结。,wǒ men yì qǐ yòng hóng xiàn zuò gè zhōng guó jié,พวกเราใช้เชือกสีแดงทำปมจีนด้วยกัน
646,错,cuò,拿错,ná cuò,หยิบผิด,有人拿错了我的杯子和毛巾吧！,yǒu rén ná cuò le wǒ de bēi zi hé máo jīn ba,มีคนหยิบแก้วน้ำและผ้าเช็ดตัวของฉันผิดไปหรือเปล่า
647,百,bǎi,百合,bǎi hé,ดอกลิลลี่,房间里有一束白色的百合花。,fáng jiān lǐ yǒu yī shù bái sè de bǎi hé huā,ในห้องมีดอกลิลลี่สีขาวหนึ่งช่อ
648,然,rán,自然,zì rán,ธรรมชาติ,我们要爱护大自然的一草一木。,wǒ men yào ài hù dà zì rán de yī cǎo yī mù,เราต้องดูแลธรรมชาติ ทุกต้นหญ้าและทุกต้นไม้
649,忽,hū,忽然,hū rán,ทันใดนั้น,刚才还风和日丽的，忽然下起雨来。,"gāng cái hái fēng hé rì lì de, hū rán xià qǐ yǔ lái",เมื่อครู่ยังอากาศดีอยู่ ทันใดนั้นฝนก็ตกลงมา
650,从,cóng,从来,cóng lái,แต่ไหนแต่ไร / ตลอดมา (ใช้คู่ปฏิเสธ),我从来没去过大森林。,wǒ cóng lái méi qù guò dà sēn lín,ฉันไม่เคยไปป่าใหญ่เลย
651,愿,yuàn,许愿,xǔ yuàn,อธิษฐาน,小女孩正在对着天上的星星许愿。,xiǎo nǚ hái zhèng zài duì zhe tiān shàng de xīng xīng xǔ yuàn,เด็กผู้หญิงกำลังอธิษฐานต่อดวงดาวบนท้องฟ้า
652,约,yuē,节约,jié yuē,ประหยัด,日常生活中，我们要注意节约水电。,"rì cháng shēng huó zhōng, wǒ men yào zhù yì jié yuē shuǐ diàn",ในชีวิตประจำวัน เราควรประหยัดน้ำและไฟฟ้า
653,忘,wàng,忘记,wàng jì,ลืม,爸爸工作忙得都忘记吃饭了。,bà bà gōng zuò máng dé dōu wàng jì chī fàn le,พ่อทำงานยุ่งจนลืมกินข้าว
654,答,dá,回答,huí dá,ตอบ,谁来回答这个问题？,shuí lái huí dá zhè ge wèn tí,ใครจะมาตอบคำถามนี้
655,越,yuè,越过,yuè guò,ข้าม,鸟儿越过高山，飞到南方过冬。,"niǎo ér yuè guò gāo shān, fēi dào nán fāng guò dōng",นกบินข้ามภูเขาสูงไปทางใต้เพื่อหนีหนาว
656,尖,jiān,塔尖,tǎ jiān,ยอดหอคอย,高高的塔尖上有人在放烟火。,gāo gāo de tǎ jiān shàng yǒu rén zài fàng yān huǒ,บนยอดหอคอยสูงมีคนกำลังจุดดอกไม้ไฟ
657,摇,yáo,摇篮,yáo lán,เปลเด็ก,妈妈轻轻地摇着摇篮，唱着歌。,"mā mā qīng qīng dì yáo zhe yáo lán, chàng zhe gē",แม่ไกวเปลเบา ๆ พร้อมร้องเพลง
658,往,wǎng,往前,wǎng qián,ไปข้างหน้า,往前走，就能看到一个大大的广场。,"wǎng qián zǒu, jiù néng kàn dào yí gè dà dà de guǎng chǎng",เดินไปข้างหน้า ก็จะเห็นลานกว้างใหญ่แห่งหนึ่ง
659,龙,lóng,中国龙,zhōng guó lóng,มังกรจีน,画家在画布上画了一条中国龙。,huà jiā zài huà bù shàng huà le yī tiáo zhōng guó lóng,จิตรกรวาดมังกรจีนบนผืนผ้าใบ
660,夜,yè,深夜,shēn yè,ดึกมาก,深夜，爸爸还在台灯下工作。,"shēn yè, bà bà hái zài tái dēng xià gōng zuò",กลางดึก พ่อยังทำงานอยู่ใต้โคมไฟตั้งโต๊ะ
661,坏,huài,变坏,biàn huài,เสีย,水果放了几天没吃，就变坏了。,"shuǐ guǒ fàng le jǐ tiān méi chī, jiù biàn huài le",ผลไม้ที่วางไว้หลายวันไม่กินก็เน่าเสีย
662,低,dī,低头,dī tóu,ก้มหน้า,妈妈一低头，看见了一块小石头。,"mā mā yī dī tóu, kàn jiàn le yī kuài xiǎo shí tou",แม่ก้มลงก็เห็นก้อนหินเล็ก ๆ ก้อนหนึ่ง
663,吐,tǔ,吐出去,tǔ chū qù,คายออก / ถ่มออก,风把土都吹到嘴里了，快吐出去吧！,"fēng bǎ tǔ dōu chuī dào zuǐ lǐ le, kuài tǔ chū qù ba",ลมพัดฝุ่นเข้าปาก รีบคายออกเถอะ
664,每,měi,每天,měi tiān,ทุกวัน,妈妈每天都把房间打扫得很干净。,mā mā měi tiān dōu bǎ fáng jiān dǎ sǎo dé hěn gān jìng,แม่ทำความสะอาดห้องทุกวันจนสะอาดมาก
665,破,pò,划破,huá pò,ขีดข่วนจนขาด,一块石头把她的小手划破了。,yī kuài shí tou bǎ tā de xiǎo shǒu huà pò le,ก้อนหินก้อนหนึ่งขีดข่วนมือเล็ก ๆ ของเธอจนแตก
666,争,zhēng,争论,zhēng lùn,โต้เถียง,他们因为一件小事又争论起来。,tā men yīn wèi yī jiàn xiǎo shì yòu zhēng lùn qǐ lái,พวกเขาโต้เถียงกันอีกครั้งเพราะเรื่องเล็กน้อย
667,代,dài,代替,dài tì,ทดแทน,父母的爱是别人不能代替的。,fù mǔ de ài shì bié rén bù néng dài tì de,ความรักของพ่อแม่ไม่มีใครมาแทนที่ได้
668,精,jīng,精心,jīng xīn,ตั้งใจอย่างดี,老师精心安排了明天的班会活动。,lǎo shī jīng xīn ān pái le míng tiān de bān huì huó dòng,ครูจัดกิจกรรมประชุมชั้นเรียนของวันพรุ่งนี้อย่างตั้งใจ
669,团,tuán,团结,tuán jié,สามัคคี,我们班的同学们都很团结。,wǒ men bān de tóng xué men dōu hěn tuán jié,เพื่อน ๆ ในชั้นของพวกเราสามัคคีกันมาก
670,但,dàn,不但,bù dàn,ไม่เพียงแต่,太阳不但能带来光明，还能带来温暖。,"tài yáng bù dàn néng dài lái guāng míng, hái néng dài lái wēn nuǎn",ดวงอาทิตย์ไม่เพียงนำแสงสว่างมาให้ แต่ยังนำความอบอุ่นมาให้ด้วย
671,围,wéi,包围,bāo wéi,ล้อมไว้,敌人已经被我军团团包围了。,dí rén yǐ jīng bèi wǒ jūn tuán tuán bāo wéi le,ศัตรูถูกกองทัพของเราล้อมไว้ทุกทิศทางแล้ว
672,吓,xià,吓人,xià rén,น่ากลัว,床底下跑出来一只老鼠，太吓人了！,"chuáng dǐ xià pǎo chū lái yī zhī lǎo shǔ, tài xià rén le",มีหนูตัวหนึ่งวิ่งออกมาจากใต้เตียง น่ากลัวจริง ๆ
673,斗,dòu,争斗,zhēng dòu,ต่อสู้,两个小怪物因为食物争斗了起来。,liǎng gè xiǎo guài wù yīn wèi shí wù zhēng dòu le qǐ lái,สัตว์ประหลาดน้อยสองตัวต่อสู้กันเพราะอาหาร
674,改,gǎi,改正,gǎi zhèng,แก้ไขให้ถูกต้อง,知道自己错了，改正了就是好孩子。,"zhī dào zì jǐ cuò le, gǎi zhèng le jiù shì hǎo hái zi",รู้ว่าตัวเองผิดและแก้ไขได้ก็เป็นเด็กดี
675,齐,qí,整齐,zhěng qí,เป็นระเบียบ,军人立正站立时，动作真整齐。,"jūn rén lì zhèng zhàn lì shí, dòng zuò zhēn zhěng qí",ทหารยืนตรงได้อย่างเป็นระเบียบมาก
676,互,hù,互相,hù xiāng,ซึ่งกันและกัน,同学之间要互相学习，互相帮助。,"tóng xué zhī jiān yào hù xiāng xué xí, hù xiāng bāng zhù",เพื่อนร่วมชั้นควรเรียนรู้และช่วยเหลือซึ่งกันและกัน
677,重,zhòng,很重,hěn zhòng,หนักมาก,这个箱子很重，我一个人拿不动。,"zhè ge xiāng zi hěn zhòng, wǒ yí gè rén ná bù dòng",กล่องนี้หนักมาก ฉันยกคนเดียวไม่ไหว
678,丽,lì,美丽,měi lì,สวยงาม,小女孩长着一双美丽的大眼睛。,xiǎo nǚ hái zhǎng zhe yī shuāng měi lì de dà yǎn jīng,เด็กผู้หญิงมีดวงตากลมโตสวยงามคู่หนึ่ง
679,吧,ba,好吧,hǎo ba,เอาล่ะ,好吧，这回我们听你的。,"hǎo ba, zhè huí wǒ men tīng nǐ de",เอาล่ะ คราวนี้เราจะฟังคุณ
680,接,jiē,接人,jiē rén,ไปรับคน,爸爸今天一大早就去机场接人了。,bà bà jīn tiān yī dà zǎo jiù qù jī chǎng jiē rén le,พ่อออกไปสนามบินตั้งแต่เช้าตรู่เพื่อไปรับคน
681,准,zhǔn,准备,zhǔn bèi,เตรียม,她早就把过冬的衣物准备好了。,tā zǎo jiù bǎ guò dōng de yī wù zhǔn bèi hǎo le,เธอเตรียมเสื้อผ้าสำหรับฤดูหนาวไว้เรียบร้อยแล้ว
682,备,bèi,准备,zhǔn bèi,เตรียม,我们要为自己的将来做好准备。,wǒ men yào wèi zì jǐ de jiāng lái zuò hǎo zhǔn bèi,เราต้องเตรียมตัวให้พร้อมสำหรับอนาคตของตนเอง
683,参,cān,参加,cān jiā,เข้าร่วม,篮球运动员们正在参加比赛。,lán qiú yùn dòng yuán men zhèng zài cān jiā bǐ sài,นักกีฬาบาสเกตบอลกำลังเข้าร่วมการแข่งขัน
684,换,huàn,交换,jiāo huàn,แลกเปลี่ยน,两个小朋友交换了手里的东西。,liǎng gè xiǎo péng yǒu jiāo huàn le shǒu lǐ de dōng xī,เด็กสองคนแลกเปลี่ยนของในมือกัน
685,休,xiū,休息,xiū xi,พักผ่อน,玩儿了一上午，休息一下吧！,"wán ér le yī shàng wǔ, xiū xī yī xià ba",เล่นมาตลอดเช้า พักผ่อนสักหน่อยเถอะ
686,灭,miè,灭火,miè huǒ,ดับไฟ,小朋友也要学习一些灭火的方法。,xiǎo péng yǒu yě yào xué xí yī xiē miè huǒ de fāng fǎ,เด็ก ๆ ก็ควรเรียนรู้วิธีดับไฟด้วย
687,鸣,míng,鸣叫,míng jiào,ร้อง,一只百灵鸟在树枝上鸣叫。,yī zhī bǎi líng niǎo zài shù zhī shàng míng jiào,นกการเวกตัวหนึ่งร้องเพลงอยู่บนกิ่งไม้
688,背,bèi,后背,hòu bèi,แผ่นหลัง,爸爸的后背，是满满的父爱。,"bà bà de hòu bèi, shì mǎn mǎn de fù ài",แผ่นหลังของพ่อเต็มไปด้วยความรักของพ่อ
689,按,àn,按钮,àn niǔ,ปุ่ม,按一下那个按钮，门就开了。,"àn yī xià nà ge àn niǔ, mén jiù kāi le",กดปุ่มนั้นหนึ่งครั้ง ประตูก็จะเปิด
690,拿,ná,拿东西,ná dōng xi,หยิบของ,小朋友拿东西时一定要小心。,xiǎo péng yǒu ná dōng xī shí yí dìng yào xiǎo xīn,เด็ก ๆ ต้องระวังเวลาหยิบจับของ
691,报,bào,报纸,bào zhǐ,หนังสือพิมพ์,火车上有人在看报纸。,huǒ chē shàng yǒu rén zài kàn bào zhǐ,บนรถไฟมีคนกำลังอ่านหนังสือพิมพ์
692,秀,xiù,秀丽,xiù lì,สวยงาม,云南是一个风景秀丽的好地方。,yún nán shì yí gè fēng jǐng xiù lì de hǎo dì fāng,ยูนนานเป็นสถานที่ที่มีทิวทัศน์สวยงาม
693,迷,mí,迷路,mí lù,หลงทาง,他走着走着，发现自己迷路了。,"tā zǒu zhe zǒu zhe, fā xiàn zì jǐ mí lù le",เขาเดินไปเดินมาแล้วพบว่าตัวเองหลงทาง
694,量,liàng,重量,zhòng liàng,น้ำหนัก,体重就是一个人身体的重量。,tǐ zhòng jiù shì yí gè rén shēn tǐ de zhòng liàng,น้ำหนักตัวคือความหนักของร่างกายคน
695,陆,lù,陆地,lù dì,แผ่นดิน,大象是目前陆地上最大的动物。,dà xiàng shì mù qián lù dì shàng zuì dà de dòng wù,ช้างเป็นสัตว์บกที่ใหญ่ที่สุดในปัจจุบัน
696,升,shēng,上升,shàng shēng,สูงขึ้น,那只气球一直上升到了高空中。,nà zhǐ qì qiú yì zhí shàng shēng dào le gāo kōng zhōng,ลูกโป่งลูกนั้นลอยสูงขึ้นไปบนท้องฟ้า
697,弯,wān,弯弯,wān wān,คดเคี้ยว,山脚下有一条弯弯的小河。,shān jiǎo xià yǒu yī tiáo wān wān de xiǎo hé,เชิงเขามีลำธารเล็ก ๆ คดเคี้ยวสายหนึ่ง
698,软,ruǎn,柔软,róu ruǎn,นุ่ม,晚上，小猫弯着柔软的身体睡觉了。,"wǎn shàng, xiǎo māo wān zhe róu ruǎn de shēn tǐ shuì jiào le",ตอนกลางคืน ลูกแมวงอตัวนุ่มนิ่มนอนหลับ
699,李,lǐ,李子,lǐ zi,ลูกพลัม,树上的李子熟了，可以吃了。,"shù shàng de lǐ zi shú le, kě yǐ chī le",ลูกพลัมบนต้นสุกแล้ว กินได้แล้ว
700,艘,sōu,一艘,yì sōu,หนึ่งลำ,岸边停着一艘几层楼高的大船。,àn biān tíng zhe yī sōu jǐ céng lóu gāo de dà chuán,ริมฝั่งมีเรือลำใหญ่สูงเท่าตึกหลายชั้นจอดอยู่
701,睁,zhēng,睁眼,zhēng yǎn,ลืมตา,宝宝一睁眼，看见了一个多彩的世界,"bǎo bǎo yī zhēng yǎn, kàn jiàn le yí gè duō cǎi de shì jiè",ทารกลืมตาขึ้นมาก็เห็นโลกที่เต็มไปด้วยสีสัน
702,相,xiāng,相当,xiāng dāng,ค่อนข้าง / มากทีเดียว,这个小朋友写作业时相当认真,zhè ge xiǎo péng yǒu xiě zuò yè shí xiāng dāng rèn zhēn,เด็กคนนี้ตั้งใจทำการบ้านมาก
703,古,gǔ,古代,gǔ dài,สมัยโบราณ,李白是一个古代的诗人,lǐ bái shì yí gè gǔ dài de shī rén,หลี่ไป๋เป็นกวีในสมัยโบราณ
704,屋,wū,房屋,fáng wū,บ้านเรือน,大海边有一座非常古老的房屋,dà hǎi biān yǒu yī zuò fēi cháng gǔ lǎo de fáng wū,ริมทะเลมีบ้านเก่าแก่มากหลังหนึ่ง
705,攻,gōng,进攻,jìn gōng,โจมตี,我方球员向对方发起了进攻,wǒ fāng qiú yuán xiàng duì fāng fā qǐ le jìn gōng,นักกีฬาฝ่ายเราเปิดเกมรุกใส่ฝ่ายตรงข้าม
706,官,guān,官员,guān yuán,ข้าราชการ / เจ้าหน้าที่,屋子里一位胖胖的官员正在睡觉,wū zi lǐ yī wèi pàng pàng de guān yuán zhèng zài shuì jiào,ในบ้านมีขุนนางร่างอ้วนคนหนึ่งกำลังนอนหลับ
707,观,guān,观察,guān chá,สังเกต,小朋友正在仔细观察小蚂蚁,xiǎo péng yǒu zhèng zài zǐ xì guān chá xiǎo mǎ yǐ,เด็ก ๆ กำลังสังเกตมดตัวเล็กอย่างตั้งใจ
708,首,shǒu,首领,shǒu lǐng,หัวหน้า,那个首领头上有两根羽毛,nà ge shǒu lǐng tóu shàng yǒu liǎng gēn yǔ máo,ผู้นำคนนั้นมีขนนกสองเส้นบนศีรษะ
709,史,shǐ,历史,lì shǐ,ประวัติศาสตร์,爷爷常常给我讲一些历史故事,yé yé cháng cháng gěi wǒ jiǎng yī xiē lì shǐ gù shì,คุณปู่มักเล่าเรื่องประวัติศาสตร์ให้ฉันฟัง
710,众,zhòng,众多,zhòng duō,จำนวนมาก,中国人口众多，是一个人口大国,"zhōng guó rén kǒu zhòng duō, shì yí gè rén kǒu dà guó",จีนมีประชากรมาก เป็นประเทศที่มีประชากรจำนวนมาก
711,劳,láo,劳动,láo dòng,แรงงาน,他们都是热爱劳动的好孩子,tā men dōu shì rè ài láo dòng de hǎo hái zi,พวกเขาทั้งหมดเป็นเด็กดีที่รักการทำงาน
712,主,zhǔ,主人,zhǔ rén,เจ้าของ,大王是这个王冠的主人,dà wáng shì zhè ge wáng guān de zhǔ rén,กษัตริย์เป็นเจ้าของมงกุฎนี้
713,汗,hàn,出汗,chū hàn,เหงื่อออก,农夫干了一会儿活就出汗了,nóng fū gàn le yī huì er huó jiù chū hàn le,ชาวนาเพียงทำงานได้ไม่นานก็เหงื่อออกแล้ว
714,庆,qìng,庆祝,qìng zhù,เฉลิมฉลอง,新年到了，人们在广场上庆祝节日,"xīn nián dào le, rén men zài guǎng chǎng shàng qìng zhù jié rì",ปีใหม่มาถึง ผู้คนฉลองเทศกาลกันที่ลานกว้าง
715,墙,qiáng,墙壁,qiáng bì,กำแพง,墙壁上贴着很多美丽的风景画,qiáng bì shàng tiē zhe hěn duō měi lì de fēng jǐng huà,บนผนังติดภาพทิวทัศน์สวยงามมากมาย
716,铜,tóng,铜环,tóng huán,ห่วงทองแดง,那座老房子的大门上有一个铜环,nà zuò lǎo fáng zi de dà mén shàng yǒu yí gè tóng huán,ที่ประตูบ้านเก่าหลังนั้นมีห่วงทองแดงหนึ่งอัน
717,诗,shī,诗人,shī rén,กวี,李白是中国古代非常有名的诗人,lǐ bái shì zhōng guó gǔ dài fēi cháng yǒu míng de shī rén,หลี่ไป๋เป็นกวีที่มีชื่อเสียงมากในสมัยโบราณของจีน
718,砍,kǎn,砍刀,kǎn dāo,มีดฟัน,他用砍刀砍下了树上的树枝,tā yòng kǎn dāo kǎn xià le shù shàng de shù zhī,เขาใช้มีดพร้าฟันกิ่งไม้บนต้นลงมา
719,造,zào,建造,jiàn zào,ก่อสร้าง,一只小牛要在路边建造一座小房子,yī zhī xiǎo niú yào zài lù biān jiàn zào yī zuò xiǎo fáng zi,ลูกวัวตัวหนึ่งจะสร้างบ้านหลังเล็กอยู่ริมถนน
720,祝,zhù,祝福,zhù fú,อวยพร,生日那天，我收到了满满的祝福,"shēng rì nà tiān, wǒ shōu dào le mǎn mǎn de zhù fú",ในวันเกิด ฉันได้รับคำอวยพรอย่างมากมาย
721,捉,zhuō,捉鱼,zhuō yú,จับปลา,小河里有很多鱼，小猫好想去捉鱼,"xiǎo hé lǐ yǒu hěn duō yú, xiǎo māo hǎo xiǎng qù zhuō yú",ในลำธารมีปลามากมาย ลูกแมวอยากไปจับปลามาก
722,杨,yáng,杨树,yáng shù,ต้นป็อปลาร์,马路旁边有两排高大的白杨树,mǎ lù páng biān yǒu liǎng pái gāo dà de bái yáng shù,ข้างถนนมีต้นป็อปลาร์สูงเรียงกันสองแถว
723,安,ān,安全,ān quán,ความปลอดภัย,坐车时要系好安全带,zuò chē shí yào jì hǎo ān quán dài,นั่งรถต้องคาดเข็มขัดนิรภัยให้เรียบร้อย
724,藏,cáng,隐藏,yǐn cáng,ซ่อน,毛毛虫隐藏在绿色的叶片下,máo máo chóng yǐn cáng zài lǜ sè de yè piàn xià,หนอนผีเสื้อซ่อนตัวอยู่ใต้ใบไม้สีเขียว
725,烧,shāo,烧烤,shāo kǎo,ปิ้งย่าง,小伙伴们都来参加烧烤晚会了,xiǎo huǒ bàn men dōu lái cān jiā shāo kǎo wǎn huì le,เพื่อน ๆ มาร่วมงานปิ้งย่างยามเย็นกันหมดแล้ว
726,真,zhēn,真高,zhēn gāo,สูงจริงๆ,前面这座新建的大楼真高啊,qián miàn zhè zuò xīn jiàn de dà lóu zhēn gāo a,ตึกที่สร้างใหม่ข้างหน้าสูงจริง ๆ
727,匹,pǐ,一匹,yì pǐ,หนึ่งตัว,公主有一匹可爱的小马,gōng zhǔ yǒu yì pǐ kě ài de xiǎo mǎ,เจ้าหญิงมีม้าตัวเล็กน่ารักหนึ่งตัว
728,散,sàn,散步,sàn bù,เดินเล่น,晚饭后，一家人一起去外面散步,"wǎn fàn hòu, yī jiā rén yì qǐ qù wài miàn sàn bù",หลังอาหารเย็น ครอบครัวออกไปเดินเล่นด้วยกัน
729,捕,bǔ,捕鱼,bǔ yú,จับปลา,过去，海边的人们常常出海捕鱼,"guò qù, hǎi biān de rén men cháng cháng chū hǎi bǔ yú",ในอดีต ผู้คนริมทะเลมักออกเรือไปจับปลา
730,眨,zhǎ,眨眼,zhǎ yǎn,กะพริบตา,晚上，满天的小星星都在眨眼睛,"wǎn shàng, mǎn tiān de xiǎo xīng xīng dōu zài zhǎ yǎn jīng",ตอนกลางคืน ดวงดาวเล็ก ๆ เต็มฟ้ากระพริบตา
731,眠,mián,冬眠,dōng mián,จำศีล,黑熊和松鼠冬天的时候会冬眠,hēi xióng hé sōng shǔ dōng tiān de shí hòu huì dōng mián,หมีดำและกระรอกจะจำศีลในฤดูหนาว
732,转,zhuǎn,转动,zhuǎn dòng,หมุน,风一吹，风车就转动起来,"fēng yī chuī, fēng chē jiù zhuǎn dòng qǐ lái",พอลมพัด กังหันลมก็หมุนขึ้นมา
733,京,jīng,北京,běi jīng,ปักกิ่ง,从北京到南京坐火车要四小时,cóng běi jīng dào nán jīng zuò huǒ chē yào sì xiǎo shí,นั่งรถไฟจากปักกิ่งไปหนานจิงใช้เวลาสี่ชั่วโมง
734,苏,sū,复苏,fù sū,ฟื้นคืนชีพ,春天是万物复苏的季节,chūn tiān shì wàn wù fù sū de jì jié,ฤดูใบไม้ผลิเป็นฤดูที่สรรพสิ่งฟื้นคืนชีพ
735,壮,zhuàng,强壮,qiáng zhuàng,แข็งแรง,他不但高大，而且很强壮,"tā bù dàn gāo dà, ér qiě hěn qiáng zhuàng",เขาไม่เพียงตัวสูง แต่ยังแข็งแรงมาก
736,景,jǐng,风景,fēng jǐng,ทิวทัศน์,快看，这边的风景比那边更好,"kuài kàn, zhè biān de fēng jǐng bǐ nà biān gèng hǎo",ดูเร็ว ทิวทัศน์ฝั่งนี้ดีกว่าฝั่งนั้น
737,望,wàng,望着,wàng zhe,มองอยู่,大王望着夜空，看见了一弯新月,"dà wáng wàng zhe yè kōng, kàn jiàn le yī wān xīn yuè",กษัตริย์มองท้องฟ้ายามค่ำคืนและเห็นพระจันทร์เสี้ยว
738,张,zhāng,张开,zhāng kāi,อ้าออก,他吃惊地张开嘴巴说不出话来,tā chī jīng dì zhāng kāi zuǐ bā shuō bù chū huà lái,เขาตกใจจนปากอ้าพูดไม่ออก
739,雁,yàn,大雁,dà yàn,ห่านป่า,天空中，一群大雁排成人字形飞过,"tiān kōng zhōng, yī qún dà yàn pái chéng rén zì xíng fēi guò",บนท้องฟ้า ฝูงห่านบินเรียงเป็นรูปตัวคน
740,许,xǔ,许多,xǔ duō,มากมาย,河边有许多五颜六色的小石子,hé biān yǒu xǔ duō wǔ yán liù sè de xiǎo shí zǐ,ริมแม่น้ำมีกรวดเล็กหลากสีมากมาย
741,诚,chéng,忠诚,zhōng chéng,ซื่อสัตย์ / จงรักภักดี,将军正在向国王表达自己的忠诚,jiāng jūn zhèng zài xiàng guó wáng biǎo dá zì jǐ de zhōng chéng,แม่ทัพกำลังแสดงความจงรักภักดีต่อกษัตริย์
742,实,shí,实在,shí zài,จริงแท้ / จริง ๆ,这个电影实在太好看了,zhè ge diàn yǐng shí zài tài hǎo kàn le,ภาพยนตร์เรื่องนี้สนุกมากจริง ๆ
743,堆,duī,堆放,duī fàng,กอง / วางซ้อน,不要把玩具和书本堆放在一起,bú yào bǎ wán jù hé shū běn duī fàng zài yì qǐ,อย่าวางของเล่นกับหนังสือกองรวมกัน
744,雪,xuě,下雪,xià xuě,หิมะตก,下雪了，外面一片白色,"xià xuě le, wài miàn yī piàn bái sè",หิมะตกแล้ว ข้างนอกขาวโพลนไปหมด
745,梅,méi,梅花,méi huā,ดอกเหมย,我们家旁边有一棵梅花树,wǒ men jiā páng biān yǒu yī kē méi huā shù,ข้างบ้านของเรามีต้นบ๊วยต้นหนึ่ง
746,兰,lán,兰花,lán huā,ดอกกล้วยไม้,桌子上有一盆兰花，真好看,"zhuō zi shàng yǒu yī pén lán huā, zhēn hǎo kàn",บนโต๊ะมีดอกกล้วยไม้กระถางหนึ่ง สวยจริง ๆ
747,淡,dàn,咸淡,xián dàn,รสเค็ม-จืด / ระดับความเค็ม,这道菜的咸淡正好，太美味了,"zhè dào cài de xián dàn zhèng hǎo, tài měi wèi le",อาหารจานนี้เค็มพอดี อร่อยมาก
748,念,niàn,思念,sī niàn,คิดถึง,远离家乡的人常常会思念亲人,yuǎn lí jiā xiāng de rén cháng cháng huì sī niàn qīn rén,คนที่อยู่ห่างไกลบ้านมักคิดถึงญาติพี่น้อง
749,家,jiā,家乡,jiā xiāng,บ้านเกิด,她的家乡在一个安静的小山村里,tā de jiā xiāng zài yí gè ān jìng de xiǎo shān cūn lǐ,บ้านเกิดของเธออยู่ในหมู่บ้านเล็ก ๆ ที่เงียบสงบ
750,初,chū,初步,chū bù,ขั้นต้น / เบื้องต้น,对这件事情你有什么初步的想法,duì zhè jiàn shì qíng nǐ yǒu shén me chū bù de xiǎng fǎ,เกี่ยวกับเรื่องนี้คุณมีความคิดเบื้องต้นอย่างไร
751,村,cūn,村口,cūn kǒu,หน้าหมู่บ้าน,村口那棵大树比爷爷年岁还大,cūn kǒu nà kē dà shù bǐ yé yé nián suì hái dà,ต้นไม้ใหญ่ตรงปากหมู่บ้านมีอายุมากกว่าคุณปู่
752,稻,dào,稻田,dào tián,นาข้าว,到了丰收的季节，稻田里一片金黄,"dào le fēng shōu de jì jié, dào tián lǐ yī piàn jīn huáng",เมื่อถึงฤดูเก็บเกี่ยว นาข้าวจะเหลืองทองไปทั่ว
753,秧,yāng,秧苗,yāng miáo,ต้นกล้าข้าว,春天，农民在田里种满了秧苗,"chūn tiān, nóng mín zài tián lǐ zhǒng mǎn le yāng miáo",ฤดูใบไม้ผลิ ชาวนาปลูกต้นกล้าเต็มทุ่งนา
754,牧,mù,放牧,fàng mù,ปล่อยเลี้ยงสัตว์,美丽的大草原是放牧的好地方,měi lì de dà cǎo yuán shì fàng mù de hǎo dì fāng,ทุ่งหญ้ากว้างใหญ่สวยงามเหมาะแก่การเลี้ยงสัตว์
755,喜,xǐ,欢喜,huān xǐ,ความดีใจ,听到老师的赞扬，他满心欢喜,"tīng dào lǎo shī de zàn yáng, tā mǎn xīn huān xǐ",เมื่อได้ยินคำชมจากครู เขาดีใจเต็มหัวใจ
756,贴,tiē,贴画,tiē huà,ภาพแปะ,手工课上，小朋友做了一个贴画,"shǒu gōng kè shàng, xiǎo péng yǒu zuò le yí gè tiē huà",ในชั่วโมงงานฝีมือ เด็ก ๆ ทำภาพปะหนึ่งชิ้น
757,梢,shāo,树梢,shù shāo,ปลายกิ่งไม้,早上，小鸟在树梢欢快地歌唱,"zǎo shàng, xiǎo niǎo zài shù shāo huān kuài dì gē chàng",ตอนเช้า นกร้องเพลงอย่างร่าเริงบนยอดไม้
758,岁,suì,年岁,nián suì,อายุ,奶奶年岁大了，走路也慢了,"nǎi nǎi nián suì dà le, zǒu lù yě màn le",คุณย่าอายุมากแล้ว เดินก็ช้าลง
759,野,yě,野花,yě huā,ดอกไม้ป่า,乡间的小路上开满了各色的野花,xiāng jiān de xiǎo lù shàng kāi mǎn le gè sè de yě huā,ถนนเล็ก ๆ ในชนบทเต็มไปด้วยดอกไม้ป่าหลากสี
760,压,yā,压力,yā lì,ความกดดัน,爸爸妈妈从来不给我太多压力,bà bà mā mā cóng lái bù gěi wǒ tài duō yā lì,พ่อแม่ไม่เคยกดดันฉันมากเกินไป
761,扑,pū,扑上去,pū shàng qù,กระโจนเข้าไป,小兔子看见萝卜一下子就扑上去了,xiǎo tù zi kàn jiàn luó bo yī xià zi jiù pū shàng qù le,กระต่ายน้อยเห็นหัวไชเท้าก็พุ่งเข้าใส่ทันที
762,啦,lā,啦啦队,lā lā duì,ทีมเชียร์,啦啦队队员手拉手唱着歌,la la duì duì yuán shǒu lā shǒu chàng zhe gē,สมาชิกเชียร์ลีดเดอร์จับมือกันร้องเพลง
763,格,gé,格子,gé zi,ลายตาราง,那件红白格子的大衣真好看,nà jiàn hóng bái gé zi de dà yī zhēn hǎo kàn,เสื้อโค้ตลายตารางสีแดงขาวตัวนั้นสวยจริง ๆ
764,拔,bá,拔萝卜,bá luó bo,ถอนหัวไชเท้า,今天老师要带大家去菜园里拔萝卜,jīn tiān lǎo shī yào dài dà jiā qù cài yuán lǐ bá luó bo,วันนี้ครูจะพาทุกคนไปถอนหัวไชเท้าที่แปลงผัก
765,练,liàn,练习,liàn xí,ฝึกฝน,一个小女孩正在练习骑自行车,yí gè xiǎo nǚ hái zhèng zài liàn xí qí zì xíng chē,เด็กผู้หญิงคนหนึ่งกำลังฝึกขี่จักรยาน
766,选,xuǎn,选手,xuǎn shǒu,ผู้เข้าแข่งขัน,这名长跑选手在比赛中得了第一名,zhè míng cháng pǎo xuǎn shǒu zài bǐ sài zhōng dé le dì yì míng,นักวิ่งระยะยาวคนนี้ได้ที่หนึ่งในการแข่งขัน
767,骄,jiāo,骄傲,jiāo ào,ความหยิ่งผยอง,我们不能因为得了第一名就骄傲,wǒ men bù néng yīn wèi dé le dì yì míng jiù jiāo ào,เราไม่ควรหยิ่งผยองเพียงเพราะได้ที่หนึ่ง
768,傲,ào,骄傲,jiāo ào,ความหยิ่งผยอง,虚心使人进步，骄傲使人落后,"xū xīn shǐ rén jìn bù, jiāo ào shǐ rén luò hòu",ความถ่อมตนทำให้คนก้าวหน้า ความหยิ่งยโสทำให้คนถดถอย
769,共,gòng,共同,gòng tóng,ร่วมกัน,大自然是我们每个人共同的家,dà zì rán shì wǒ men měi gè rén gòng tóng de jiā,ธรรมชาติคือบ้านร่วมกันของพวกเราทุกคน
770,第,dì,第一,dì yī,อันดับหนึ่ง,弟弟得了第一名，开心地笑了,"dì di dé le dì yì míng, kāi xīn dì xiào le",น้องชายได้ที่หนึ่งและยิ้มอย่างมีความสุข
771,仔,zǐ,仔细,zǐ xì,ละเอียด รอบคอบ,这个医生给病人看病时很仔细,zhè ge yī shēng gěi bìng rén kàn bìng shí hěn zǐ xì,หมอคนนี้ตรวจรักษาคนไข้ได้อย่างละเอียดมาก
772,细,xì,粗细,cū xì,ความหยาบ–ความละเอียด,这两支毛笔长短一样，粗细不同,"zhè liǎng zhī máo bǐ cháng duǎn yī yàng, cū xì bù tóng",พู่กันสองด้ามนี้ยาวเท่ากัน แต่ความหนาไม่เท่ากัน
773,夸,kuā,夸奖,kuā jiǎng,ชมเชย,听到老师的夸奖，我心里甜甜的,"tīng dào lǎo shī de kuā jiǎng, wǒ xīn lǐ tián tián de",เมื่อได้ยินคำชมจากครู ใจฉันก็หวานชื่น
774,掉,diào,拿掉,ná diào,หยิบออก เอาออก,我帮爸爸拿掉了落在他头上的树叶,wǒ bāng bà bà ná diào le luò zài tā tóu shàng de shù yè,ฉันช่วยพ่อเอาใบไม้ที่ตกบนศีรษะออก
775,毛,máo,毛笔,máo bǐ,พู่กันจีน,这支毛笔的笔头是用山羊毛做的,zhè zhī máo bǐ de bǐ tóu shì yòng shān yáng máo zuò de,ปลายพู่กันด้ามนี้ทำจากขนแพะ
776,旁,páng,旁边,páng biān,ข้างๆ,方桌旁边立着一把椅子,fāng zhuō páng biān lì zhe yī bǎ yǐ zi,ข้างโต๊ะสี่เหลี่ยมมีเก้าอี้ตัวหนึ่งตั้งอยู่
777,束,shù,花束,huā shù,ช่อดอกไม้,小女孩用彩纸把花束包了起来,xiǎo nǚ hái yòng cǎi zhǐ bǎ huā shù bāo le qǐ lái,เด็กผู้หญิงใช้กระดาษสีห่อช่อดอกไม้
778,脱,tuō,脱衣服,tuō yī fú,ถอดเสื้อผ้า,小宝宝学会自己脱衣服了,xiǎo bǎo bǎo xué huì zì jǐ tuō yī fú le,เด็กน้อยเรียนรู้ที่จะถอดเสื้อผ้าเองได้แล้ว
779,及,jí,及时,jí shí,ทันเวลา,工作人员及时赶到了事故现场,gōng zuò rén yuán jí shí gǎn dào le shì gù xiàn chǎng,เจ้าหน้าที่รีบไปถึงที่เกิดเหตุได้ทันเวลา
780,功,gōng,成功,chéng gōng,ความสำเร็จ,机遇有时是事业成功的重要条件,jī yù yǒu shí shì shì yè chéng gōng de zhòng yào tiáo jiàn,โอกาสบางครั้งเป็นเงื่อนไขสำคัญของความสำเร็จในอาชีพ
781,舰,jiàn,军舰,jūn jiàn,เรือรบ,军舰正迎着大海的风浪前进,jūn jiàn zhèng yíng zhe dà hǎi de fēng làng qián jìn,เรือรบกำลังฝ่าคลื่นลมทะเลไปข้างหน้า
782,招,zhāo,招待,zhāo dài,ต้อนรับ,客人来到家里，我们要好好招待,"kè rén lái dào jiā lǐ, wǒ men yào hǎo hǎo zhāo dài",เมื่อแขกมาบ้าน เราควรต้อนรับอย่างดี
783,岸,àn,岸边,àn biān,ริมฝั่ง,河岸边是一片绿绿的草地,hé àn biān shì yī piàn lǜ lǜ de cǎo dì,ริมฝั่งแม่น้ำเป็นทุ่งหญ้าเขียวขจี
784,冻,dòng,冷冻,lěng dòng,แช่แข็ง,没吃完的肉一定要冷冻起来,méi chī wán de ròu yí dìng yào lěng dòng qǐ lái,เนื้อที่กินไม่หมดต้องแช่แข็งไว้
785,沉,chén,沉船,chén chuán,เรือจม,那艘沉船过了好几天才被发现,nà sōu chén chuán guò le hǎo jǐ tiān cái bèi fā xiàn,เรือที่จมลำนั้นถูกพบหลังจากผ่านไปหลายวัน
786,倒,dǎo,倒下,dǎo xià,ล้มลง,爸爸忙了一天，倒下头就睡了,"bà bà máng le yī tiān, dǎo xià tóu jiù shuì le",พ่อทำงานมาทั้งวัน พอเอนหัวก็หลับทันที
787,候,hòu,等候,děng hòu,รอคอย,小猫在家里静静地等候着主人,xiǎo māo zài jiā lǐ jìng jìng dì děng hòu zhe zhǔ rén,ลูกแมวนั่งรอเจ้าของอย่างเงียบ ๆ อยู่ในบ้าน
788,且,qiě,而且,ér qiě,และยัง,他喜欢画画，而且画得很好,"tā xǐ huān huà huà, ér qiě huà dé hěn hǎo",เขาชอบวาดรูป และวาดได้ดีมาก
789,另,lìng,另一个,lìng yí gè,อีกอันหนึ่ง,我用这个手机，你用另一个吧,"wǒ yòng zhè ge shǒu jī, nǐ yòng lìng yí gè ba",ฉันใช้โทรศัพท์เครื่องนี้ คุณใช้อีกเครื่องหนึ่งเถอะ
790,捡,jiǎn,捡起,jiǎn qǐ,หยิบขึ้น,她在海边捡起了一个美丽的贝壳,tā zài hǎi biān jiǎn qǐ le yí gè měi lì de bèi ké,เธอเก็บเปลือกหอยสวยงามจากชายหาดขึ้นมา
791,即,jí,立即,lì jí,ทันที,将军一下令，士兵们立即发起了进攻,"jiāng jūn yī xià lìng, shì bīng men lì jí fā qǐ le jìn gōng",ทันทีที่แม่ทัพออกคำสั่ง ทหารก็เปิดการโจมตีทันที
792,静,jìng,安静,ān jìng,เงียบสงบ,安静的夜晚，月光静静地洒在大地上,"ān jìng de yè wǎn, yuè guāng jìng jìng dì sǎ zài dà dì shàng",ค่ำคืนอันเงียบสงบ แสงจันทร์สาดส่องลงบนผืนดินอย่างนุ่มนวล
793,题,tí,问题,wèn tí,ปัญหา,小孩子总是爱问大人一连串问题,xiǎo hái zi zǒng shì ài wèn dà rén yī lián chuàn wèn tí,เด็ก ๆ มักชอบถามผู้ใหญ่เป็นชุดไม่หยุด
794,法,fǎ,办法,bàn fǎ,วิธีการ,用心想想，就一定会有好办法,"yòng xīn xiǎng xiǎng, jiù yí dìng huì yǒu hǎo bàn fǎ",คิดให้รอบคอบ ก็ต้องมีวิธีที่ดีแน่นอน
795,所,suǒ,诊所,zhěn suǒ,คลินิก,这家诊所的医生医术非常高明,zhè jiā zhěn suǒ de yī shēng yī shù fēi cháng gāo míng,แพทย์ของคลินิกนี้มีฝีมือการรักษาสูงมาก
796,难,nán,困难,kùn nán,ความยากลำบาก,为了梦想，再大的困难我也不怕,"wèi le mèng xiǎng, zài dà de kùn nán wǒ yě bù pà",เพื่อความฝัน ต่อให้ยากลำบากแค่ไหนฉันก็ไม่กลัว
797,深,shēn,深色,shēn sè,สีเข้ม,冬天，人们常常穿深色的衣服,"dōng tiān, rén men cháng cháng chuān shēn sè de yī fú",ฤดูหนาว ผู้คนมักสวมเสื้อผ้าสีเข้ม
798,些,xiē,一些,yì xiē,บางส่วน,那儿有一些人，不知道在做什么,"nà ér yǒu yī xiē rén, bù zhī dào zài zuò shén me",ตรงนั้นมีคนอยู่กลุ่มหนึ่ง ไม่รู้ว่ากำลังทำอะไร
799,淋,lín,淋雨,lín yǔ,เปียกฝน,雨下得这么大，不要在外面淋雨,"yǔ xià dé zhè me dà, bú yào zài wài miàn lín yǔ",ฝนตกหนักขนาดนี้ อย่าออกไปตากฝนข้างนอก
800,积,jī,积木,jī mù,บล็อกไม้,家里有很多积木，不用再买了,"jiā lǐ yǒu hěn duō jī mù, bù yòng zài mǎi le",ที่บ้านมีบล็อกตัวต่อมากมาย ไม่ต้องซื้อเพิ่มแล้ว
